==3473515== Invalid read of size 1
==3473515==    at 0x40226A: add_word_token (in /sgoinfre/students/dbarba-v/minishell/minishell)
==3473515==    by 0x402945: handle_nonquoted_word (in /sgoinfre/students/dbarba-v/minishell/minishell)
==3473515==    by 0x402EAF: handle_next_token (in /sgoinfre/students/dbarba-v/minishell/minishell)
==3473515==    by 0x402D12: tokenizer (in /sgoinfre/students/dbarba-v/minishell/minishell)
==3473515==    by 0x402BD4: tokenization (in /sgoinfre/students/dbarba-v/minishell/minishell)
==3473515==    by 0x40141E: minishell_loop (in /sgoinfre/students/dbarba-v/minishell/minishell)
==3473515==    by 0x4013C6: main (in /sgoinfre/students/dbarba-v/minishell/minishell)
==3473515==  Address 0x4b6b63f is 1 bytes before a block of size 28 alloc'd
==3473515==    at 0x4848899: malloc (in /usr/libexec/valgrind/vgpreload_memcheck-amd64-linux.so)
==3473515==    by 0x48ADBAC: xmalloc (in /usr/lib/x86_64-linux-gnu/libreadline.so.8.1)
==3473515==    by 0x488B694: readline_internal_teardown (in /usr/lib/x86_64-linux-gnu/libreadline.so.8.1)
==3473515==    by 0x4895D2A: readline (in /usr/lib/x86_64-linux-gnu/libreadline.so.8.1)
==3473515==    by 0x4019E1: get_prompt_input (in /sgoinfre/students/dbarba-v/minishell/minishell)
==3473515==    by 0x4013F2: minishell_loop (in /sgoinfre/students/dbarba-v/minishell/minishell)
==3473515==    by 0x4013C6: main (in /sgoinfre/students/dbarba-v/minishell/minishell)
==3473515== 
==3473516== FILE DESCRIPTORS: 14 open (2 std) at exit.
==3473516== Open file descriptor 5: /dev/pts/6
==3473516==    at 0x49DCFEB: dup (syscall-template.S:120)
==3473516==    by 0x4050F9: init_mini (in /sgoinfre/students/dbarba-v/minishell/minishell)
==3473516==    by 0x4013BD: main (in /sgoinfre/students/dbarba-v/minishell/minishell)
==3473516== 
==3473516== Open file descriptor 4:
==3473516==    at 0x49DCFEB: dup (syscall-template.S:120)
==3473516==    by 0x4050E6: init_mini (in /sgoinfre/students/dbarba-v/minishell/minishell)
==3473516==    by 0x4013BD: main (in /sgoinfre/students/dbarba-v/minishell/minishell)
==3473516== 
==3473516== Open file descriptor 103: /usr/share/code/v8_context_snapshot.bin
==3473516==    <inherited from parent>
==3473516== 
==3473516== Open file descriptor 45: /dev/ptmx
==3473516==    <inherited from parent>
==3473516== 
==3473516== Open file descriptor 44: /dev/ptmx
==3473516==    <inherited from parent>
==3473516== 
==3473516== Open file descriptor 43: /dev/ptmx
==3473516==    <inherited from parent>
==3473516== 
==3473516== Open file descriptor 42: /dev/ptmx
==3473516==    <inherited from parent>
==3473516== 
==3473516== Open file descriptor 40: /dev/ptmx
==3473516==    <inherited from parent>
==3473516== 
==3473516== Open file descriptor 39: /usr/share/code/resources/app/node_modules.asar
==3473516==    <inherited from parent>
==3473516== 
==3473516== Open AF_UNIX socket 38: <unknown>
==3473516==    <inherited from parent>
==3473516== 
==3473516== Open file descriptor 37: /home/dbarba-v/.config/Code/logs/20250808T093455/ptyhost.log
==3473516==    <inherited from parent>
==3473516== 
==3473516== Open file descriptor 3: /sgoinfre/students/dbarba-v/minishell/vglogs/nonexistent_cmd.log
==3473516==    <inherited from parent>
==3473516== 
==3473516== 
==3473516== 1 bytes in 1 blocks are still reachable in loss record 1 of 80
==3473516==    at 0x4848899: malloc (in /usr/libexec/valgrind/vgpreload_memcheck-amd64-linux.so)
==3473516==    by 0x40922C: ft_strdup (in /sgoinfre/students/dbarba-v/minishell/minishell)
==3473516==    by 0x4097DE: ft_substr (in /sgoinfre/students/dbarba-v/minishell/minishell)
==3473516==    by 0x401D02: create_env_node (in /sgoinfre/students/dbarba-v/minishell/minishell)
==3473516==    by 0x401E2E: regenerate_environment (in /sgoinfre/students/dbarba-v/minishell/minishell)
==3473516==    by 0x40507D: init_mini (in /sgoinfre/students/dbarba-v/minishell/minishell)
==3473516==    by 0x4013BD: main (in /sgoinfre/students/dbarba-v/minishell/minishell)
==3473516== 
==3473516== 2 bytes in 1 blocks are still reachable in loss record 2 of 80
==3473516==    at 0x4848899: malloc (in /usr/libexec/valgrind/vgpreload_memcheck-amd64-linux.so)
==3473516==    by 0x408AB2: ft_itoa (in /sgoinfre/students/dbarba-v/minishell/minishell)
==3473516==    by 0x401E87: regenerate_environment (in /sgoinfre/students/dbarba-v/minishell/minishell)
==3473516==    by 0x40507D: init_mini (in /sgoinfre/students/dbarba-v/minishell/minishell)
==3473516==    by 0x4013BD: main (in /sgoinfre/students/dbarba-v/minishell/minishell)
==3473516== 
==3473516== 8 bytes in 1 blocks are still reachable in loss record 3 of 80
==3473516==    at 0x4848899: malloc (in /usr/libexec/valgrind/vgpreload_memcheck-amd64-linux.so)
==3473516==    by 0x48AE4A7: xrealloc (in /usr/lib/x86_64-linux-gnu/libreadline.so.8.1)
==3473516==    by 0x489A626: ??? (in /usr/lib/x86_64-linux-gnu/libreadline.so.8.1)
==3473516==    by 0x489AE0D: rl_expand_prompt (in /usr/lib/x86_64-linux-gnu/libreadline.so.8.1)
==3473516==    by 0x488A1BF: rl_set_prompt (in /usr/lib/x86_64-linux-gnu/libreadline.so.8.1)
==3473516==    by 0x4895CCF: readline (in /usr/lib/x86_64-linux-gnu/libreadline.so.8.1)
==3473516==    by 0x4019E1: get_prompt_input (in /sgoinfre/students/dbarba-v/minishell/minishell)
==3473516==    by 0x4013F2: minishell_loop (in /sgoinfre/students/dbarba-v/minishell/minishell)
==3473516==    by 0x4013C6: main (in /sgoinfre/students/dbarba-v/minishell/minishell)
==3473516== 
==3473516== 8 bytes in 1 blocks are still reachable in loss record 4 of 80
==3473516==    at 0x4848899: malloc (in /usr/libexec/valgrind/vgpreload_memcheck-amd64-linux.so)
==3473516==    by 0x497058E: strdup (strdup.c:42)
==3473516==    by 0x4B0ED17: _nc_trim_sgr0 (in /usr/lib/x86_64-linux-gnu/libtinfo.so.6.3)
==3473516==    by 0x4B0D6A8: tgetent_sp (in /usr/lib/x86_64-linux-gnu/libtinfo.so.6.3)
==3473516==    by 0x48A91CD: _rl_init_terminal_io (in /usr/lib/x86_64-linux-gnu/libreadline.so.8.1)
==3473516==    by 0x4895A0F: rl_initialize (in /usr/lib/x86_64-linux-gnu/libreadline.so.8.1)
==3473516==    by 0x4895CD4: readline (in /usr/lib/x86_64-linux-gnu/libreadline.so.8.1)
==3473516==    by 0x4019E1: get_prompt_input (in /sgoinfre/students/dbarba-v/minishell/minishell)
==3473516==    by 0x4013F2: minishell_loop (in /sgoinfre/students/dbarba-v/minishell/minishell)
==3473516==    by 0x4013C6: main (in /sgoinfre/students/dbarba-v/minishell/minishell)
==3473516== 
==3473516== 8 bytes in 1 blocks are still reachable in loss record 5 of 80
==3473516==    at 0x4848899: malloc (in /usr/libexec/valgrind/vgpreload_memcheck-amd64-linux.so)
==3473516==    by 0x408797: ft_calloc (in /sgoinfre/students/dbarba-v/minishell/minishell)
==3473516==    by 0x40458E: get_infile_array (in /sgoinfre/students/dbarba-v/minishell/minishell)
==3473516==    by 0x404343: build_cmd_from_segment (in /sgoinfre/students/dbarba-v/minishell/minishell)
==3473516==    by 0x40416D: syntax_analysis (in /sgoinfre/students/dbarba-v/minishell/minishell)
==3473516==    by 0x401435: minishell_loop (in /sgoinfre/students/dbarba-v/minishell/minishell)
==3473516==    by 0x4013C6: main (in /sgoinfre/students/dbarba-v/minishell/minishell)
==3473516== 
==3473516== 8 bytes in 1 blocks are still reachable in loss record 6 of 80
==3473516==    at 0x4848899: malloc (in /usr/libexec/valgrind/vgpreload_memcheck-amd64-linux.so)
==3473516==    by 0x408797: ft_calloc (in /sgoinfre/students/dbarba-v/minishell/minishell)
==3473516==    by 0x40477E: get_heredoc_array (in /sgoinfre/students/dbarba-v/minishell/minishell)
==3473516==    by 0x40435B: build_cmd_from_segment (in /sgoinfre/students/dbarba-v/minishell/minishell)
==3473516==    by 0x40416D: syntax_analysis (in /sgoinfre/students/dbarba-v/minishell/minishell)
==3473516==    by 0x401435: minishell_loop (in /sgoinfre/students/dbarba-v/minishell/minishell)
==3473516==    by 0x4013C6: main (in /sgoinfre/students/dbarba-v/minishell/minishell)
==3473516== 
==3473516== 8 bytes in 1 blocks are still reachable in loss record 7 of 80
==3473516==    at 0x4848899: malloc (in /usr/libexec/valgrind/vgpreload_memcheck-amd64-linux.so)
==3473516==    by 0x408797: ft_calloc (in /sgoinfre/students/dbarba-v/minishell/minishell)
==3473516==    by 0x40467E: get_outfile_array (in /sgoinfre/students/dbarba-v/minishell/minishell)
==3473516==    by 0x4043AF: build_cmd_from_segment (in /sgoinfre/students/dbarba-v/minishell/minishell)
==3473516==    by 0x40416D: syntax_analysis (in /sgoinfre/students/dbarba-v/minishell/minishell)
==3473516==    by 0x401435: minishell_loop (in /sgoinfre/students/dbarba-v/minishell/minishell)
==3473516==    by 0x4013C6: main (in /sgoinfre/students/dbarba-v/minishell/minishell)
==3473516== 
==3473516== 9 bytes in 1 blocks are still reachable in loss record 8 of 80
==3473516==    at 0x4848899: malloc (in /usr/libexec/valgrind/vgpreload_memcheck-amd64-linux.so)
==3473516==    by 0x408797: ft_calloc (in /sgoinfre/students/dbarba-v/minishell/minishell)
==3473516==    by 0x40693F: ft_pipex (in /sgoinfre/students/dbarba-v/minishell/minishell)
==3473516==    by 0x405391: execution (in /sgoinfre/students/dbarba-v/minishell/minishell)
==3473516==    by 0x40144C: minishell_loop (in /sgoinfre/students/dbarba-v/minishell/minishell)
==3473516==    by 0x4013C6: main (in /sgoinfre/students/dbarba-v/minishell/minishell)
==3473516== 
==3473516== 12 bytes in 1 blocks are still reachable in loss record 9 of 80
==3473516==    at 0x4848899: malloc (in /usr/libexec/valgrind/vgpreload_memcheck-amd64-linux.so)
==3473516==    by 0x48ADBAC: xmalloc (in /usr/lib/x86_64-linux-gnu/libreadline.so.8.1)
==3473516==    by 0x48A6F28: add_history (in /usr/lib/x86_64-linux-gnu/libreadline.so.8.1)
==3473516==    by 0x4019F9: get_prompt_input (in /sgoinfre/students/dbarba-v/minishell/minishell)
==3473516==    by 0x4013F2: minishell_loop (in /sgoinfre/students/dbarba-v/minishell/minishell)
==3473516==    by 0x4013C6: main (in /sgoinfre/students/dbarba-v/minishell/minishell)
==3473516== 
==3473516== 13 bytes in 1 blocks are still reachable in loss record 10 of 80
==3473516==    at 0x4848899: malloc (in /usr/libexec/valgrind/vgpreload_memcheck-amd64-linux.so)
==3473516==    by 0x48ADBAC: xmalloc (in /usr/lib/x86_64-linux-gnu/libreadline.so.8.1)
==3473516==    by 0x489BBF5: ??? (in /usr/lib/x86_64-linux-gnu/libreadline.so.8.1)
==3473516==    by 0x4895A38: rl_initialize (in /usr/lib/x86_64-linux-gnu/libreadline.so.8.1)
==3473516==    by 0x4895CD4: readline (in /usr/lib/x86_64-linux-gnu/libreadline.so.8.1)
==3473516==    by 0x4019E1: get_prompt_input (in /sgoinfre/students/dbarba-v/minishell/minishell)
==3473516==    by 0x4013F2: minishell_loop (in /sgoinfre/students/dbarba-v/minishell/minishell)
==3473516==    by 0x4013C6: main (in /sgoinfre/students/dbarba-v/minishell/minishell)
==3473516== 
==3473516== 14 bytes in 1 blocks are still reachable in loss record 11 of 80
==3473516==    at 0x484DCD3: realloc (in /usr/libexec/valgrind/vgpreload_memcheck-amd64-linux.so)
==3473516==    by 0x4B016CC: _nc_doalloc (in /usr/lib/x86_64-linux-gnu/libtinfo.so.6.3)
==3473516==    by 0x4B08272: _nc_tiparm (in /usr/lib/x86_64-linux-gnu/libtinfo.so.6.3)
==3473516==    by 0x4B0EC7D: ??? (in /usr/lib/x86_64-linux-gnu/libtinfo.so.6.3)
==3473516==    by 0x4B0ED09: _nc_trim_sgr0 (in /usr/lib/x86_64-linux-gnu/libtinfo.so.6.3)
==3473516==    by 0x4B0D6A8: tgetent_sp (in /usr/lib/x86_64-linux-gnu/libtinfo.so.6.3)
==3473516==    by 0x48A91CD: _rl_init_terminal_io (in /usr/lib/x86_64-linux-gnu/libreadline.so.8.1)
==3473516==    by 0x4895A0F: rl_initialize (in /usr/lib/x86_64-linux-gnu/libreadline.so.8.1)
==3473516==    by 0x4895CD4: readline (in /usr/lib/x86_64-linux-gnu/libreadline.so.8.1)
==3473516==    by 0x4019E1: get_prompt_input (in /sgoinfre/students/dbarba-v/minishell/minishell)
==3473516==    by 0x4013F2: minishell_loop (in /sgoinfre/students/dbarba-v/minishell/minishell)
==3473516==    by 0x4013C6: main (in /sgoinfre/students/dbarba-v/minishell/minishell)
==3473516== 
==3473516== 15 bytes in 1 blocks are still reachable in loss record 12 of 80
==3473516==    at 0x4848899: malloc (in /usr/libexec/valgrind/vgpreload_memcheck-amd64-linux.so)
==3473516==    by 0x497058E: strdup (strdup.c:42)
==3473516==    by 0x4B00377: ??? (in /usr/lib/x86_64-linux-gnu/libtinfo.so.6.3)
==3473516==    by 0x4B02BF8: _nc_first_db (in /usr/lib/x86_64-linux-gnu/libtinfo.so.6.3)
==3473516==    by 0x4B0C696: _nc_read_entry2 (in /usr/lib/x86_64-linux-gnu/libtinfo.so.6.3)
==3473516==    by 0x4B0C711: ??? (in /usr/lib/x86_64-linux-gnu/libtinfo.so.6.3)
==3473516==    by 0x4B0C866: _nc_setupterm (in /usr/lib/x86_64-linux-gnu/libtinfo.so.6.3)
==3473516==    by 0x4B0D4C9: tgetent_sp (in /usr/lib/x86_64-linux-gnu/libtinfo.so.6.3)
==3473516==    by 0x48A91CD: _rl_init_terminal_io (in /usr/lib/x86_64-linux-gnu/libreadline.so.8.1)
==3473516==    by 0x4895A0F: rl_initialize (in /usr/lib/x86_64-linux-gnu/libreadline.so.8.1)
==3473516==    by 0x4895CD4: readline (in /usr/lib/x86_64-linux-gnu/libreadline.so.8.1)
==3473516==    by 0x4019E1: get_prompt_input (in /sgoinfre/students/dbarba-v/minishell/minishell)
==3473516== 
==3473516== 15 bytes in 1 blocks are still reachable in loss record 13 of 80
==3473516==    at 0x4848899: malloc (in /usr/libexec/valgrind/vgpreload_memcheck-amd64-linux.so)
==3473516==    by 0x497058E: strdup (strdup.c:42)
==3473516==    by 0x4B0C8AE: _nc_setupterm (in /usr/lib/x86_64-linux-gnu/libtinfo.so.6.3)
==3473516==    by 0x4B0D4C9: tgetent_sp (in /usr/lib/x86_64-linux-gnu/libtinfo.so.6.3)
==3473516==    by 0x48A91CD: _rl_init_terminal_io (in /usr/lib/x86_64-linux-gnu/libreadline.so.8.1)
==3473516==    by 0x4895A0F: rl_initialize (in /usr/lib/x86_64-linux-gnu/libreadline.so.8.1)
==3473516==    by 0x4895CD4: readline (in /usr/lib/x86_64-linux-gnu/libreadline.so.8.1)
==3473516==    by 0x4019E1: get_prompt_input (in /sgoinfre/students/dbarba-v/minishell/minishell)
==3473516==    by 0x4013F2: minishell_loop (in /sgoinfre/students/dbarba-v/minishell/minishell)
==3473516==    by 0x4013C6: main (in /sgoinfre/students/dbarba-v/minishell/minishell)
==3473516== 
==3473516== 16 bytes in 1 blocks are still reachable in loss record 14 of 80
==3473516==    at 0x4848899: malloc (in /usr/libexec/valgrind/vgpreload_memcheck-amd64-linux.so)
==3473516==    by 0x4895B26: rl_initialize (in /usr/lib/x86_64-linux-gnu/libreadline.so.8.1)
==3473516==    by 0x4895CD4: readline (in /usr/lib/x86_64-linux-gnu/libreadline.so.8.1)
==3473516==    by 0x4019E1: get_prompt_input (in /sgoinfre/students/dbarba-v/minishell/minishell)
==3473516==    by 0x4013F2: minishell_loop (in /sgoinfre/students/dbarba-v/minishell/minishell)
==3473516==    by 0x4013C6: main (in /sgoinfre/students/dbarba-v/minishell/minishell)
==3473516== 
==3473516== 16 bytes in 1 blocks are still reachable in loss record 15 of 80
==3473516==    at 0x4848899: malloc (in /usr/libexec/valgrind/vgpreload_memcheck-amd64-linux.so)
==3473516==    by 0x408797: ft_calloc (in /sgoinfre/students/dbarba-v/minishell/minishell)
==3473516==    by 0x404E8E: get_cmd_argv (in /sgoinfre/students/dbarba-v/minishell/minishell)
==3473516==    by 0x40432C: build_cmd_from_segment (in /sgoinfre/students/dbarba-v/minishell/minishell)
==3473516==    by 0x40416D: syntax_analysis (in /sgoinfre/students/dbarba-v/minishell/minishell)
==3473516==    by 0x401435: minishell_loop (in /sgoinfre/students/dbarba-v/minishell/minishell)
==3473516==    by 0x4013C6: main (in /sgoinfre/students/dbarba-v/minishell/minishell)
==3473516== 
==3473516== 20 bytes in 1 blocks are still reachable in loss record 16 of 80
==3473516==    at 0x4848899: malloc (in /usr/libexec/valgrind/vgpreload_memcheck-amd64-linux.so)
==3473516==    by 0x48ADBAC: xmalloc (in /usr/lib/x86_64-linux-gnu/libreadline.so.8.1)
==3473516==    by 0x4898D8B: ??? (in /usr/lib/x86_64-linux-gnu/libreadline.so.8.1)
==3473516==    by 0x489B6C9: rl_parse_and_bind (in /usr/lib/x86_64-linux-gnu/libreadline.so.8.1)
==3473516==    by 0x489BB6C: ??? (in /usr/lib/x86_64-linux-gnu/libreadline.so.8.1)
==3473516==    by 0x4895A38: rl_initialize (in /usr/lib/x86_64-linux-gnu/libreadline.so.8.1)
==3473516==    by 0x4895CD4: readline (in /usr/lib/x86_64-linux-gnu/libreadline.so.8.1)
==3473516==    by 0x4019E1: get_prompt_input (in /sgoinfre/students/dbarba-v/minishell/minishell)
==3473516==    by 0x4013F2: minishell_loop (in /sgoinfre/students/dbarba-v/minishell/minishell)
==3473516==    by 0x4013C6: main (in /sgoinfre/students/dbarba-v/minishell/minishell)
==3473516== 
==3473516== 24 bytes in 1 blocks are still reachable in loss record 17 of 80
==3473516==    at 0x4848899: malloc (in /usr/libexec/valgrind/vgpreload_memcheck-amd64-linux.so)
==3473516==    by 0x49E7F34: tsearch (tsearch.c:337)
==3473516==    by 0x4B04D6E: ??? (in /usr/lib/x86_64-linux-gnu/libtinfo.so.6.3)
==3473516==    by 0x4B08098: _nc_tiparm (in /usr/lib/x86_64-linux-gnu/libtinfo.so.6.3)
==3473516==    by 0x4B0EC7D: ??? (in /usr/lib/x86_64-linux-gnu/libtinfo.so.6.3)
==3473516==    by 0x4B0ED09: _nc_trim_sgr0 (in /usr/lib/x86_64-linux-gnu/libtinfo.so.6.3)
==3473516==    by 0x4B0D6A8: tgetent_sp (in /usr/lib/x86_64-linux-gnu/libtinfo.so.6.3)
==3473516==    by 0x48A91CD: _rl_init_terminal_io (in /usr/lib/x86_64-linux-gnu/libreadline.so.8.1)
==3473516==    by 0x4895A0F: rl_initialize (in /usr/lib/x86_64-linux-gnu/libreadline.so.8.1)
==3473516==    by 0x4895CD4: readline (in /usr/lib/x86_64-linux-gnu/libreadline.so.8.1)
==3473516==    by 0x4019E1: get_prompt_input (in /sgoinfre/students/dbarba-v/minishell/minishell)
==3473516==    by 0x4013F2: minishell_loop (in /sgoinfre/students/dbarba-v/minishell/minishell)
==3473516== 
==3473516== 24 bytes in 1 blocks are still reachable in loss record 18 of 80
==3473516==    at 0x4848899: malloc (in /usr/libexec/valgrind/vgpreload_memcheck-amd64-linux.so)
==3473516==    by 0x48ADBAC: xmalloc (in /usr/lib/x86_64-linux-gnu/libreadline.so.8.1)
==3473516==    by 0x48A4B1D: alloc_history_entry (in /usr/lib/x86_64-linux-gnu/libreadline.so.8.1)
==3473516==    by 0x48A6F65: add_history (in /usr/lib/x86_64-linux-gnu/libreadline.so.8.1)
==3473516==    by 0x4019F9: get_prompt_input (in /sgoinfre/students/dbarba-v/minishell/minishell)
==3473516==    by 0x4013F2: minishell_loop (in /sgoinfre/students/dbarba-v/minishell/minishell)
==3473516==    by 0x4013C6: main (in /sgoinfre/students/dbarba-v/minishell/minishell)
==3473516== 
==3473516== 27 bytes in 1 blocks are still reachable in loss record 19 of 80
==3473516==    at 0x4848899: malloc (in /usr/libexec/valgrind/vgpreload_memcheck-amd64-linux.so)
==3473516==    by 0x4B02624: _nc_home_terminfo (in /usr/lib/x86_64-linux-gnu/libtinfo.so.6.3)
==3473516==    by 0x4B02BE2: _nc_first_db (in /usr/lib/x86_64-linux-gnu/libtinfo.so.6.3)
==3473516==    by 0x4B0C696: _nc_read_entry2 (in /usr/lib/x86_64-linux-gnu/libtinfo.so.6.3)
==3473516==    by 0x4B0C711: ??? (in /usr/lib/x86_64-linux-gnu/libtinfo.so.6.3)
==3473516==    by 0x4B0C866: _nc_setupterm (in /usr/lib/x86_64-linux-gnu/libtinfo.so.6.3)
==3473516==    by 0x4B0D4C9: tgetent_sp (in /usr/lib/x86_64-linux-gnu/libtinfo.so.6.3)
==3473516==    by 0x48A91CD: _rl_init_terminal_io (in /usr/lib/x86_64-linux-gnu/libreadline.so.8.1)
==3473516==    by 0x4895A0F: rl_initialize (in /usr/lib/x86_64-linux-gnu/libreadline.so.8.1)
==3473516==    by 0x4895CD4: readline (in /usr/lib/x86_64-linux-gnu/libreadline.so.8.1)
==3473516==    by 0x4019E1: get_prompt_input (in /sgoinfre/students/dbarba-v/minishell/minishell)
==3473516==    by 0x4013F2: minishell_loop (in /sgoinfre/students/dbarba-v/minishell/minishell)
==3473516== 
==3473516== 28 bytes in 1 blocks are still reachable in loss record 20 of 80
==3473516==    at 0x4848899: malloc (in /usr/libexec/valgrind/vgpreload_memcheck-amd64-linux.so)
==3473516==    by 0x48ADBAC: xmalloc (in /usr/lib/x86_64-linux-gnu/libreadline.so.8.1)
==3473516==    by 0x48A4B39: alloc_history_entry (in /usr/lib/x86_64-linux-gnu/libreadline.so.8.1)
==3473516==    by 0x48A6F65: add_history (in /usr/lib/x86_64-linux-gnu/libreadline.so.8.1)
==3473516==    by 0x4019F9: get_prompt_input (in /sgoinfre/students/dbarba-v/minishell/minishell)
==3473516==    by 0x4013F2: minishell_loop (in /sgoinfre/students/dbarba-v/minishell/minishell)
==3473516==    by 0x4013C6: main (in /sgoinfre/students/dbarba-v/minishell/minishell)
==3473516== 
==3473516== 28 bytes in 1 blocks are still reachable in loss record 21 of 80
==3473516==    at 0x4848899: malloc (in /usr/libexec/valgrind/vgpreload_memcheck-amd64-linux.so)
==3473516==    by 0x40922C: ft_strdup (in /sgoinfre/students/dbarba-v/minishell/minishell)
==3473516==    by 0x404FE4: fill_argv_from_tokens (in /sgoinfre/students/dbarba-v/minishell/minishell)
==3473516==    by 0x404EBC: get_cmd_argv (in /sgoinfre/students/dbarba-v/minishell/minishell)
==3473516==    by 0x40432C: build_cmd_from_segment (in /sgoinfre/students/dbarba-v/minishell/minishell)
==3473516==    by 0x40416D: syntax_analysis (in /sgoinfre/students/dbarba-v/minishell/minishell)
==3473516==    by 0x401435: minishell_loop (in /sgoinfre/students/dbarba-v/minishell/minishell)
==3473516==    by 0x4013C6: main (in /sgoinfre/students/dbarba-v/minishell/minishell)
==3473516== 
==3473516== 46 bytes in 1 blocks are still reachable in loss record 22 of 80
==3473516==    at 0x484DCD3: realloc (in /usr/libexec/valgrind/vgpreload_memcheck-amd64-linux.so)
==3473516==    by 0x4B016CC: _nc_doalloc (in /usr/lib/x86_64-linux-gnu/libtinfo.so.6.3)
==3473516==    by 0x4B0C16F: _nc_read_termtype (in /usr/lib/x86_64-linux-gnu/libtinfo.so.6.3)
==3473516==    by 0x4B0C52A: ??? (in /usr/lib/x86_64-linux-gnu/libtinfo.so.6.3)
==3473516==    by 0x4B0EC40: ??? (in /usr/lib/x86_64-linux-gnu/libtinfo.so.6.3)
==3473516==    by 0x4B0C6BB: _nc_read_entry2 (in /usr/lib/x86_64-linux-gnu/libtinfo.so.6.3)
==3473516==    by 0x4B0C711: ??? (in /usr/lib/x86_64-linux-gnu/libtinfo.so.6.3)
==3473516==    by 0x4B0C866: _nc_setupterm (in /usr/lib/x86_64-linux-gnu/libtinfo.so.6.3)
==3473516==    by 0x4B0D4C9: tgetent_sp (in /usr/lib/x86_64-linux-gnu/libtinfo.so.6.3)
==3473516==    by 0x48A91CD: _rl_init_terminal_io (in /usr/lib/x86_64-linux-gnu/libreadline.so.8.1)
==3473516==    by 0x4895A0F: rl_initialize (in /usr/lib/x86_64-linux-gnu/libreadline.so.8.1)
==3473516==    by 0x4895CD4: readline (in /usr/lib/x86_64-linux-gnu/libreadline.so.8.1)
==3473516== 
==3473516== 46 bytes in 1 blocks are still reachable in loss record 23 of 80
==3473516==    at 0x4848899: malloc (in /usr/libexec/valgrind/vgpreload_memcheck-amd64-linux.so)
==3473516==    by 0x4B00FDE: ??? (in /usr/lib/x86_64-linux-gnu/libtinfo.so.6.3)
==3473516==    by 0x4B0C87D: _nc_setupterm (in /usr/lib/x86_64-linux-gnu/libtinfo.so.6.3)
==3473516==    by 0x4B0D4C9: tgetent_sp (in /usr/lib/x86_64-linux-gnu/libtinfo.so.6.3)
==3473516==    by 0x48A91CD: _rl_init_terminal_io (in /usr/lib/x86_64-linux-gnu/libreadline.so.8.1)
==3473516==    by 0x4895A0F: rl_initialize (in /usr/lib/x86_64-linux-gnu/libreadline.so.8.1)
==3473516==    by 0x4895CD4: readline (in /usr/lib/x86_64-linux-gnu/libreadline.so.8.1)
==3473516==    by 0x4019E1: get_prompt_input (in /sgoinfre/students/dbarba-v/minishell/minishell)
==3473516==    by 0x4013F2: minishell_loop (in /sgoinfre/students/dbarba-v/minishell/minishell)
==3473516==    by 0x4013C6: main (in /sgoinfre/students/dbarba-v/minishell/minishell)
==3473516== 
==3473516== 48 bytes in 1 blocks are still reachable in loss record 24 of 80
==3473516==    at 0x484DA83: calloc (in /usr/libexec/valgrind/vgpreload_memcheck-amd64-linux.so)
==3473516==    by 0x4B02833: _nc_first_db (in /usr/lib/x86_64-linux-gnu/libtinfo.so.6.3)
==3473516==    by 0x4B0C696: _nc_read_entry2 (in /usr/lib/x86_64-linux-gnu/libtinfo.so.6.3)
==3473516==    by 0x4B0C711: ??? (in /usr/lib/x86_64-linux-gnu/libtinfo.so.6.3)
==3473516==    by 0x4B0C866: _nc_setupterm (in /usr/lib/x86_64-linux-gnu/libtinfo.so.6.3)
==3473516==    by 0x4B0D4C9: tgetent_sp (in /usr/lib/x86_64-linux-gnu/libtinfo.so.6.3)
==3473516==    by 0x48A91CD: _rl_init_terminal_io (in /usr/lib/x86_64-linux-gnu/libreadline.so.8.1)
==3473516==    by 0x4895A0F: rl_initialize (in /usr/lib/x86_64-linux-gnu/libreadline.so.8.1)
==3473516==    by 0x4895CD4: readline (in /usr/lib/x86_64-linux-gnu/libreadline.so.8.1)
==3473516==    by 0x4019E1: get_prompt_input (in /sgoinfre/students/dbarba-v/minishell/minishell)
==3473516==    by 0x4013F2: minishell_loop (in /sgoinfre/students/dbarba-v/minishell/minishell)
==3473516==    by 0x4013C6: main (in /sgoinfre/students/dbarba-v/minishell/minishell)
==3473516== 
==3473516== 64 bytes in 1 blocks are still reachable in loss record 25 of 80
==3473516==    at 0x4848899: malloc (in /usr/libexec/valgrind/vgpreload_memcheck-amd64-linux.so)
==3473516==    by 0x408797: ft_calloc (in /sgoinfre/students/dbarba-v/minishell/minishell)
==3473516==    by 0x4042FE: build_cmd_from_segment (in /sgoinfre/students/dbarba-v/minishell/minishell)
==3473516==    by 0x40416D: syntax_analysis (in /sgoinfre/students/dbarba-v/minishell/minishell)
==3473516==    by 0x401435: minishell_loop (in /sgoinfre/students/dbarba-v/minishell/minishell)
==3473516==    by 0x4013C6: main (in /sgoinfre/students/dbarba-v/minishell/minishell)
==3473516== 
==3473516== 77 bytes in 1 blocks are still reachable in loss record 26 of 80
==3473516==    at 0x4848899: malloc (in /usr/libexec/valgrind/vgpreload_memcheck-amd64-linux.so)
==3473516==    by 0x48ADBAC: xmalloc (in /usr/lib/x86_64-linux-gnu/libreadline.so.8.1)
==3473516==    by 0x488A1E3: rl_set_prompt (in /usr/lib/x86_64-linux-gnu/libreadline.so.8.1)
==3473516==    by 0x4895CCF: readline (in /usr/lib/x86_64-linux-gnu/libreadline.so.8.1)
==3473516==    by 0x4019E1: get_prompt_input (in /sgoinfre/students/dbarba-v/minishell/minishell)
==3473516==    by 0x4013F2: minishell_loop (in /sgoinfre/students/dbarba-v/minishell/minishell)
==3473516==    by 0x4013C6: main (in /sgoinfre/students/dbarba-v/minishell/minishell)
==3473516== 
==3473516== 77 bytes in 1 blocks are still reachable in loss record 27 of 80
==3473516==    at 0x4848899: malloc (in /usr/libexec/valgrind/vgpreload_memcheck-amd64-linux.so)
==3473516==    by 0x48ADBAC: xmalloc (in /usr/lib/x86_64-linux-gnu/libreadline.so.8.1)
==3473516==    by 0x489A5F2: ??? (in /usr/lib/x86_64-linux-gnu/libreadline.so.8.1)
==3473516==    by 0x489AE0D: rl_expand_prompt (in /usr/lib/x86_64-linux-gnu/libreadline.so.8.1)
==3473516==    by 0x488A1BF: rl_set_prompt (in /usr/lib/x86_64-linux-gnu/libreadline.so.8.1)
==3473516==    by 0x4895CCF: readline (in /usr/lib/x86_64-linux-gnu/libreadline.so.8.1)
==3473516==    by 0x4019E1: get_prompt_input (in /sgoinfre/students/dbarba-v/minishell/minishell)
==3473516==    by 0x4013F2: minishell_loop (in /sgoinfre/students/dbarba-v/minishell/minishell)
==3473516==    by 0x4013C6: main (in /sgoinfre/students/dbarba-v/minishell/minishell)
==3473516== 
==3473516== 78 bytes in 1 blocks are still reachable in loss record 28 of 80
==3473516==    at 0x4848899: malloc (in /usr/libexec/valgrind/vgpreload_memcheck-amd64-linux.so)
==3473516==    by 0x4B0104B: ??? (in /usr/lib/x86_64-linux-gnu/libtinfo.so.6.3)
==3473516==    by 0x4B0C87D: _nc_setupterm (in /usr/lib/x86_64-linux-gnu/libtinfo.so.6.3)
==3473516==    by 0x4B0D4C9: tgetent_sp (in /usr/lib/x86_64-linux-gnu/libtinfo.so.6.3)
==3473516==    by 0x48A91CD: _rl_init_terminal_io (in /usr/lib/x86_64-linux-gnu/libreadline.so.8.1)
==3473516==    by 0x4895A0F: rl_initialize (in /usr/lib/x86_64-linux-gnu/libreadline.so.8.1)
==3473516==    by 0x4895CD4: readline (in /usr/lib/x86_64-linux-gnu/libreadline.so.8.1)
==3473516==    by 0x4019E1: get_prompt_input (in /sgoinfre/students/dbarba-v/minishell/minishell)
==3473516==    by 0x4013F2: minishell_loop (in /sgoinfre/students/dbarba-v/minishell/minishell)
==3473516==    by 0x4013C6: main (in /sgoinfre/students/dbarba-v/minishell/minishell)
==3473516== 
==3473516== 93 bytes in 1 blocks are still reachable in loss record 29 of 80
==3473516==    at 0x4848899: malloc (in /usr/libexec/valgrind/vgpreload_memcheck-amd64-linux.so)
==3473516==    by 0x497058E: strdup (strdup.c:42)
==3473516==    by 0x4B04D54: ??? (in /usr/lib/x86_64-linux-gnu/libtinfo.so.6.3)
==3473516==    by 0x4B08098: _nc_tiparm (in /usr/lib/x86_64-linux-gnu/libtinfo.so.6.3)
==3473516==    by 0x4B0EC7D: ??? (in /usr/lib/x86_64-linux-gnu/libtinfo.so.6.3)
==3473516==    by 0x4B0ED09: _nc_trim_sgr0 (in /usr/lib/x86_64-linux-gnu/libtinfo.so.6.3)
==3473516==    by 0x4B0D6A8: tgetent_sp (in /usr/lib/x86_64-linux-gnu/libtinfo.so.6.3)
==3473516==    by 0x48A91CD: _rl_init_terminal_io (in /usr/lib/x86_64-linux-gnu/libreadline.so.8.1)
==3473516==    by 0x4895A0F: rl_initialize (in /usr/lib/x86_64-linux-gnu/libreadline.so.8.1)
==3473516==    by 0x4895CD4: readline (in /usr/lib/x86_64-linux-gnu/libreadline.so.8.1)
==3473516==    by 0x4019E1: get_prompt_input (in /sgoinfre/students/dbarba-v/minishell/minishell)
==3473516==    by 0x4013F2: minishell_loop (in /sgoinfre/students/dbarba-v/minishell/minishell)
==3473516== 
==3473516== 94 bytes in 1 blocks are still reachable in loss record 30 of 80
==3473516==    at 0x4848899: malloc (in /usr/libexec/valgrind/vgpreload_memcheck-amd64-linux.so)
==3473516==    by 0x4B0495B: _nc_tparm_analyze (in /usr/lib/x86_64-linux-gnu/libtinfo.so.6.3)
==3473516==    by 0x4B04C62: ??? (in /usr/lib/x86_64-linux-gnu/libtinfo.so.6.3)
==3473516==    by 0x4B08098: _nc_tiparm (in /usr/lib/x86_64-linux-gnu/libtinfo.so.6.3)
==3473516==    by 0x4B0EC7D: ??? (in /usr/lib/x86_64-linux-gnu/libtinfo.so.6.3)
==3473516==    by 0x4B0ED09: _nc_trim_sgr0 (in /usr/lib/x86_64-linux-gnu/libtinfo.so.6.3)
==3473516==    by 0x4B0D6A8: tgetent_sp (in /usr/lib/x86_64-linux-gnu/libtinfo.so.6.3)
==3473516==    by 0x48A91CD: _rl_init_terminal_io (in /usr/lib/x86_64-linux-gnu/libreadline.so.8.1)
==3473516==    by 0x4895A0F: rl_initialize (in /usr/lib/x86_64-linux-gnu/libreadline.so.8.1)
==3473516==    by 0x4895CD4: readline (in /usr/lib/x86_64-linux-gnu/libreadline.so.8.1)
==3473516==    by 0x4019E1: get_prompt_input (in /sgoinfre/students/dbarba-v/minishell/minishell)
==3473516==    by 0x4013F2: minishell_loop (in /sgoinfre/students/dbarba-v/minishell/minishell)
==3473516== 
==3473516== 96 bytes in 1 blocks are still reachable in loss record 31 of 80
==3473516==    at 0x4848899: malloc (in /usr/libexec/valgrind/vgpreload_memcheck-amd64-linux.so)
==3473516==    by 0x4B0279A: _nc_first_db (in /usr/lib/x86_64-linux-gnu/libtinfo.so.6.3)
==3473516==    by 0x4B0C696: _nc_read_entry2 (in /usr/lib/x86_64-linux-gnu/libtinfo.so.6.3)
==3473516==    by 0x4B0C711: ??? (in /usr/lib/x86_64-linux-gnu/libtinfo.so.6.3)
==3473516==    by 0x4B0C866: _nc_setupterm (in /usr/lib/x86_64-linux-gnu/libtinfo.so.6.3)
==3473516==    by 0x4B0D4C9: tgetent_sp (in /usr/lib/x86_64-linux-gnu/libtinfo.so.6.3)
==3473516==    by 0x48A91CD: _rl_init_terminal_io (in /usr/lib/x86_64-linux-gnu/libreadline.so.8.1)
==3473516==    by 0x4895A0F: rl_initialize (in /usr/lib/x86_64-linux-gnu/libreadline.so.8.1)
==3473516==    by 0x4895CD4: readline (in /usr/lib/x86_64-linux-gnu/libreadline.so.8.1)
==3473516==    by 0x4019E1: get_prompt_input (in /sgoinfre/students/dbarba-v/minishell/minishell)
==3473516==    by 0x4013F2: minishell_loop (in /sgoinfre/students/dbarba-v/minishell/minishell)
==3473516==    by 0x4013C6: main (in /sgoinfre/students/dbarba-v/minishell/minishell)
==3473516== 
==3473516== 156 bytes in 1 blocks are still reachable in loss record 32 of 80
==3473516==    at 0x484DCD3: realloc (in /usr/libexec/valgrind/vgpreload_memcheck-amd64-linux.so)
==3473516==    by 0x4B016CC: _nc_doalloc (in /usr/lib/x86_64-linux-gnu/libtinfo.so.6.3)
==3473516==    by 0x4B0C197: _nc_read_termtype (in /usr/lib/x86_64-linux-gnu/libtinfo.so.6.3)
==3473516==    by 0x4B0C52A: ??? (in /usr/lib/x86_64-linux-gnu/libtinfo.so.6.3)
==3473516==    by 0x4B0EC40: ??? (in /usr/lib/x86_64-linux-gnu/libtinfo.so.6.3)
==3473516==    by 0x4B0C6BB: _nc_read_entry2 (in /usr/lib/x86_64-linux-gnu/libtinfo.so.6.3)
==3473516==    by 0x4B0C711: ??? (in /usr/lib/x86_64-linux-gnu/libtinfo.so.6.3)
==3473516==    by 0x4B0C866: _nc_setupterm (in /usr/lib/x86_64-linux-gnu/libtinfo.so.6.3)
==3473516==    by 0x4B0D4C9: tgetent_sp (in /usr/lib/x86_64-linux-gnu/libtinfo.so.6.3)
==3473516==    by 0x48A91CD: _rl_init_terminal_io (in /usr/lib/x86_64-linux-gnu/libreadline.so.8.1)
==3473516==    by 0x4895A0F: rl_initialize (in /usr/lib/x86_64-linux-gnu/libreadline.so.8.1)
==3473516==    by 0x4895CD4: readline (in /usr/lib/x86_64-linux-gnu/libreadline.so.8.1)
==3473516== 
==3473516== 168 bytes in 1 blocks are still reachable in loss record 33 of 80
==3473516==    at 0x484DA83: calloc (in /usr/libexec/valgrind/vgpreload_memcheck-amd64-linux.so)
==3473516==    by 0x4B04CCD: ??? (in /usr/lib/x86_64-linux-gnu/libtinfo.so.6.3)
==3473516==    by 0x4B08098: _nc_tiparm (in /usr/lib/x86_64-linux-gnu/libtinfo.so.6.3)
==3473516==    by 0x4B0EC7D: ??? (in /usr/lib/x86_64-linux-gnu/libtinfo.so.6.3)
==3473516==    by 0x4B0ED09: _nc_trim_sgr0 (in /usr/lib/x86_64-linux-gnu/libtinfo.so.6.3)
==3473516==    by 0x4B0D6A8: tgetent_sp (in /usr/lib/x86_64-linux-gnu/libtinfo.so.6.3)
==3473516==    by 0x48A91CD: _rl_init_terminal_io (in /usr/lib/x86_64-linux-gnu/libreadline.so.8.1)
==3473516==    by 0x4895A0F: rl_initialize (in /usr/lib/x86_64-linux-gnu/libreadline.so.8.1)
==3473516==    by 0x4895CD4: readline (in /usr/lib/x86_64-linux-gnu/libreadline.so.8.1)
==3473516==    by 0x4019E1: get_prompt_input (in /sgoinfre/students/dbarba-v/minishell/minishell)
==3473516==    by 0x4013F2: minishell_loop (in /sgoinfre/students/dbarba-v/minishell/minishell)
==3473516==    by 0x4013C6: main (in /sgoinfre/students/dbarba-v/minishell/minishell)
==3473516== 
==3473516== 256 bytes in 1 blocks are still reachable in loss record 34 of 80
==3473516==    at 0x4848899: malloc (in /usr/libexec/valgrind/vgpreload_memcheck-amd64-linux.so)
==3473516==    by 0x48ADBAC: xmalloc (in /usr/lib/x86_64-linux-gnu/libreadline.so.8.1)
==3473516==    by 0x4895C86: rl_initialize (in /usr/lib/x86_64-linux-gnu/libreadline.so.8.1)
==3473516==    by 0x4895CD4: readline (in /usr/lib/x86_64-linux-gnu/libreadline.so.8.1)
==3473516==    by 0x4019E1: get_prompt_input (in /sgoinfre/students/dbarba-v/minishell/minishell)
==3473516==    by 0x4013F2: minishell_loop (in /sgoinfre/students/dbarba-v/minishell/minishell)
==3473516==    by 0x4013C6: main (in /sgoinfre/students/dbarba-v/minishell/minishell)
==3473516== 
==3473516== 560 bytes in 1 blocks are still reachable in loss record 35 of 80
==3473516==    at 0x4848899: malloc (in /usr/libexec/valgrind/vgpreload_memcheck-amd64-linux.so)
==3473516==    by 0x401A73: get_environment_array (in /sgoinfre/students/dbarba-v/minishell/minishell)
==3473516==    by 0x4050A9: init_mini (in /sgoinfre/students/dbarba-v/minishell/minishell)
==3473516==    by 0x4013BD: main (in /sgoinfre/students/dbarba-v/minishell/minishell)
==3473516== 
==3473516== 608 bytes in 1 blocks are still reachable in loss record 36 of 80
==3473516==    at 0x484DA83: calloc (in /usr/libexec/valgrind/vgpreload_memcheck-amd64-linux.so)
==3473516==    by 0x4B0C37E: _nc_read_termtype (in /usr/lib/x86_64-linux-gnu/libtinfo.so.6.3)
==3473516==    by 0x4B0C52A: ??? (in /usr/lib/x86_64-linux-gnu/libtinfo.so.6.3)
==3473516==    by 0x4B0EC40: ??? (in /usr/lib/x86_64-linux-gnu/libtinfo.so.6.3)
==3473516==    by 0x4B0C6BB: _nc_read_entry2 (in /usr/lib/x86_64-linux-gnu/libtinfo.so.6.3)
==3473516==    by 0x4B0C711: ??? (in /usr/lib/x86_64-linux-gnu/libtinfo.so.6.3)
==3473516==    by 0x4B0C866: _nc_setupterm (in /usr/lib/x86_64-linux-gnu/libtinfo.so.6.3)
==3473516==    by 0x4B0D4C9: tgetent_sp (in /usr/lib/x86_64-linux-gnu/libtinfo.so.6.3)
==3473516==    by 0x48A91CD: _rl_init_terminal_io (in /usr/lib/x86_64-linux-gnu/libreadline.so.8.1)
==3473516==    by 0x4895A0F: rl_initialize (in /usr/lib/x86_64-linux-gnu/libreadline.so.8.1)
==3473516==    by 0x4895CD4: readline (in /usr/lib/x86_64-linux-gnu/libreadline.so.8.1)
==3473516==    by 0x4019E1: get_prompt_input (in /sgoinfre/students/dbarba-v/minishell/minishell)
==3473516== 
==3473516== 608 bytes in 1 blocks are still reachable in loss record 37 of 80
==3473516==    at 0x4848899: malloc (in /usr/libexec/valgrind/vgpreload_memcheck-amd64-linux.so)
==3473516==    by 0x4B01119: ??? (in /usr/lib/x86_64-linux-gnu/libtinfo.so.6.3)
==3473516==    by 0x4B0C87D: _nc_setupterm (in /usr/lib/x86_64-linux-gnu/libtinfo.so.6.3)
==3473516==    by 0x4B0D4C9: tgetent_sp (in /usr/lib/x86_64-linux-gnu/libtinfo.so.6.3)
==3473516==    by 0x48A91CD: _rl_init_terminal_io (in /usr/lib/x86_64-linux-gnu/libreadline.so.8.1)
==3473516==    by 0x4895A0F: rl_initialize (in /usr/lib/x86_64-linux-gnu/libreadline.so.8.1)
==3473516==    by 0x4895CD4: readline (in /usr/lib/x86_64-linux-gnu/libreadline.so.8.1)
==3473516==    by 0x4019E1: get_prompt_input (in /sgoinfre/students/dbarba-v/minishell/minishell)
==3473516==    by 0x4013F2: minishell_loop (in /sgoinfre/students/dbarba-v/minishell/minishell)
==3473516==    by 0x4013C6: main (in /sgoinfre/students/dbarba-v/minishell/minishell)
==3473516== 
==3473516== 760 bytes in 1 blocks are still reachable in loss record 38 of 80
==3473516==    at 0x484DA83: calloc (in /usr/libexec/valgrind/vgpreload_memcheck-amd64-linux.so)
==3473516==    by 0x4B0C819: _nc_setupterm (in /usr/lib/x86_64-linux-gnu/libtinfo.so.6.3)
==3473516==    by 0x4B0D4C9: tgetent_sp (in /usr/lib/x86_64-linux-gnu/libtinfo.so.6.3)
==3473516==    by 0x48A91CD: _rl_init_terminal_io (in /usr/lib/x86_64-linux-gnu/libreadline.so.8.1)
==3473516==    by 0x4895A0F: rl_initialize (in /usr/lib/x86_64-linux-gnu/libreadline.so.8.1)
==3473516==    by 0x4895CD4: readline (in /usr/lib/x86_64-linux-gnu/libreadline.so.8.1)
==3473516==    by 0x4019E1: get_prompt_input (in /sgoinfre/students/dbarba-v/minishell/minishell)
==3473516==    by 0x4013F2: minishell_loop (in /sgoinfre/students/dbarba-v/minishell/minishell)
==3473516==    by 0x4013C6: main (in /sgoinfre/students/dbarba-v/minishell/minishell)
==3473516== 
==3473516== 940 bytes in 1 blocks are still reachable in loss record 39 of 80
==3473516==    at 0x4848899: malloc (in /usr/libexec/valgrind/vgpreload_memcheck-amd64-linux.so)
==3473516==    by 0x4B0C287: _nc_read_termtype (in /usr/lib/x86_64-linux-gnu/libtinfo.so.6.3)
==3473516==    by 0x4B0C52A: ??? (in /usr/lib/x86_64-linux-gnu/libtinfo.so.6.3)
==3473516==    by 0x4B0EC40: ??? (in /usr/lib/x86_64-linux-gnu/libtinfo.so.6.3)
==3473516==    by 0x4B0C6BB: _nc_read_entry2 (in /usr/lib/x86_64-linux-gnu/libtinfo.so.6.3)
==3473516==    by 0x4B0C711: ??? (in /usr/lib/x86_64-linux-gnu/libtinfo.so.6.3)
==3473516==    by 0x4B0C866: _nc_setupterm (in /usr/lib/x86_64-linux-gnu/libtinfo.so.6.3)
==3473516==    by 0x4B0D4C9: tgetent_sp (in /usr/lib/x86_64-linux-gnu/libtinfo.so.6.3)
==3473516==    by 0x48A91CD: _rl_init_terminal_io (in /usr/lib/x86_64-linux-gnu/libreadline.so.8.1)
==3473516==    by 0x4895A0F: rl_initialize (in /usr/lib/x86_64-linux-gnu/libreadline.so.8.1)
==3473516==    by 0x4895CD4: readline (in /usr/lib/x86_64-linux-gnu/libreadline.so.8.1)
==3473516==    by 0x4019E1: get_prompt_input (in /sgoinfre/students/dbarba-v/minishell/minishell)
==3473516== 
==3473516== 1,006 bytes in 69 blocks are still reachable in loss record 40 of 80
==3473516==    at 0x4848899: malloc (in /usr/libexec/valgrind/vgpreload_memcheck-amd64-linux.so)
==3473516==    by 0x40981D: ft_substr (in /sgoinfre/students/dbarba-v/minishell/minishell)
==3473516==    by 0x401C71: create_env_node (in /sgoinfre/students/dbarba-v/minishell/minishell)
==3473516==    by 0x401E2E: regenerate_environment (in /sgoinfre/students/dbarba-v/minishell/minishell)
==3473516==    by 0x40507D: init_mini (in /sgoinfre/students/dbarba-v/minishell/minishell)
==3473516==    by 0x4013BD: main (in /sgoinfre/students/dbarba-v/minishell/minishell)
==3473516== 
==3473516== 1,024 bytes in 1 blocks are still reachable in loss record 41 of 80
==3473516==    at 0x4848899: malloc (in /usr/libexec/valgrind/vgpreload_memcheck-amd64-linux.so)
==3473516==    by 0x48AE4A7: xrealloc (in /usr/lib/x86_64-linux-gnu/libreadline.so.8.1)
==3473516==    by 0x4897C7B: ??? (in /usr/lib/x86_64-linux-gnu/libreadline.so.8.1)
==3473516==    by 0x4897D67: ??? (in /usr/lib/x86_64-linux-gnu/libreadline.so.8.1)
==3473516==    by 0x48A0C7E: rl_redisplay (in /usr/lib/x86_64-linux-gnu/libreadline.so.8.1)
==3473516==    by 0x488B458: readline_internal_setup (in /usr/lib/x86_64-linux-gnu/libreadline.so.8.1)
==3473516==    by 0x4895CF8: readline (in /usr/lib/x86_64-linux-gnu/libreadline.so.8.1)
==3473516==    by 0x4019E1: get_prompt_input (in /sgoinfre/students/dbarba-v/minishell/minishell)
==3473516==    by 0x4013F2: minishell_loop (in /sgoinfre/students/dbarba-v/minishell/minishell)
==3473516==    by 0x4013C6: main (in /sgoinfre/students/dbarba-v/minishell/minishell)
==3473516== 
==3473516== 1,024 bytes in 1 blocks are still reachable in loss record 42 of 80
==3473516==    at 0x4848899: malloc (in /usr/libexec/valgrind/vgpreload_memcheck-amd64-linux.so)
==3473516==    by 0x48AE4A7: xrealloc (in /usr/lib/x86_64-linux-gnu/libreadline.so.8.1)
==3473516==    by 0x4897C8B: ??? (in /usr/lib/x86_64-linux-gnu/libreadline.so.8.1)
==3473516==    by 0x4897D67: ??? (in /usr/lib/x86_64-linux-gnu/libreadline.so.8.1)
==3473516==    by 0x48A0C7E: rl_redisplay (in /usr/lib/x86_64-linux-gnu/libreadline.so.8.1)
==3473516==    by 0x488B458: readline_internal_setup (in /usr/lib/x86_64-linux-gnu/libreadline.so.8.1)
==3473516==    by 0x4895CF8: readline (in /usr/lib/x86_64-linux-gnu/libreadline.so.8.1)
==3473516==    by 0x4019E1: get_prompt_input (in /sgoinfre/students/dbarba-v/minishell/minishell)
==3473516==    by 0x4013F2: minishell_loop (in /sgoinfre/students/dbarba-v/minishell/minishell)
==3473516==    by 0x4013C6: main (in /sgoinfre/students/dbarba-v/minishell/minishell)
==3473516== 
==3473516== 1,024 bytes in 1 blocks are still reachable in loss record 43 of 80
==3473516==    at 0x4848899: malloc (in /usr/libexec/valgrind/vgpreload_memcheck-amd64-linux.so)
==3473516==    by 0x48AE4A7: xrealloc (in /usr/lib/x86_64-linux-gnu/libreadline.so.8.1)
==3473516==    by 0x4897CA2: ??? (in /usr/lib/x86_64-linux-gnu/libreadline.so.8.1)
==3473516==    by 0x4897D67: ??? (in /usr/lib/x86_64-linux-gnu/libreadline.so.8.1)
==3473516==    by 0x48A0C7E: rl_redisplay (in /usr/lib/x86_64-linux-gnu/libreadline.so.8.1)
==3473516==    by 0x488B458: readline_internal_setup (in /usr/lib/x86_64-linux-gnu/libreadline.so.8.1)
==3473516==    by 0x4895CF8: readline (in /usr/lib/x86_64-linux-gnu/libreadline.so.8.1)
==3473516==    by 0x4019E1: get_prompt_input (in /sgoinfre/students/dbarba-v/minishell/minishell)
==3473516==    by 0x4013F2: minishell_loop (in /sgoinfre/students/dbarba-v/minishell/minishell)
==3473516==    by 0x4013C6: main (in /sgoinfre/students/dbarba-v/minishell/minishell)
==3473516== 
==3473516== 1,024 bytes in 1 blocks are still reachable in loss record 44 of 80
==3473516==    at 0x4848899: malloc (in /usr/libexec/valgrind/vgpreload_memcheck-amd64-linux.so)
==3473516==    by 0x48AE4A7: xrealloc (in /usr/lib/x86_64-linux-gnu/libreadline.so.8.1)
==3473516==    by 0x4897CBB: ??? (in /usr/lib/x86_64-linux-gnu/libreadline.so.8.1)
==3473516==    by 0x4897D67: ??? (in /usr/lib/x86_64-linux-gnu/libreadline.so.8.1)
==3473516==    by 0x48A0C7E: rl_redisplay (in /usr/lib/x86_64-linux-gnu/libreadline.so.8.1)
==3473516==    by 0x488B458: readline_internal_setup (in /usr/lib/x86_64-linux-gnu/libreadline.so.8.1)
==3473516==    by 0x4895CF8: readline (in /usr/lib/x86_64-linux-gnu/libreadline.so.8.1)
==3473516==    by 0x4019E1: get_prompt_input (in /sgoinfre/students/dbarba-v/minishell/minishell)
==3473516==    by 0x4013F2: minishell_loop (in /sgoinfre/students/dbarba-v/minishell/minishell)
==3473516==    by 0x4013C6: main (in /sgoinfre/students/dbarba-v/minishell/minishell)
==3473516== 
==3473516== 1,024 bytes in 1 blocks are still reachable in loss record 45 of 80
==3473516==    at 0x4848899: malloc (in /usr/libexec/valgrind/vgpreload_memcheck-amd64-linux.so)
==3473516==    by 0x48ADBAC: xmalloc (in /usr/lib/x86_64-linux-gnu/libreadline.so.8.1)
==3473516==    by 0x4897DC5: ??? (in /usr/lib/x86_64-linux-gnu/libreadline.so.8.1)
==3473516==    by 0x48A0C7E: rl_redisplay (in /usr/lib/x86_64-linux-gnu/libreadline.so.8.1)
==3473516==    by 0x488B458: readline_internal_setup (in /usr/lib/x86_64-linux-gnu/libreadline.so.8.1)
==3473516==    by 0x4895CF8: readline (in /usr/lib/x86_64-linux-gnu/libreadline.so.8.1)
==3473516==    by 0x4019E1: get_prompt_input (in /sgoinfre/students/dbarba-v/minishell/minishell)
==3473516==    by 0x4013F2: minishell_loop (in /sgoinfre/students/dbarba-v/minishell/minishell)
==3473516==    by 0x4013C6: main (in /sgoinfre/students/dbarba-v/minishell/minishell)
==3473516== 
==3473516== 1,024 bytes in 1 blocks are still reachable in loss record 46 of 80
==3473516==    at 0x4848899: malloc (in /usr/libexec/valgrind/vgpreload_memcheck-amd64-linux.so)
==3473516==    by 0x48ADBAC: xmalloc (in /usr/lib/x86_64-linux-gnu/libreadline.so.8.1)
==3473516==    by 0x4897DDA: ??? (in /usr/lib/x86_64-linux-gnu/libreadline.so.8.1)
==3473516==    by 0x48A0C7E: rl_redisplay (in /usr/lib/x86_64-linux-gnu/libreadline.so.8.1)
==3473516==    by 0x488B458: readline_internal_setup (in /usr/lib/x86_64-linux-gnu/libreadline.so.8.1)
==3473516==    by 0x4895CF8: readline (in /usr/lib/x86_64-linux-gnu/libreadline.so.8.1)
==3473516==    by 0x4019E1: get_prompt_input (in /sgoinfre/students/dbarba-v/minishell/minishell)
==3473516==    by 0x4013F2: minishell_loop (in /sgoinfre/students/dbarba-v/minishell/minishell)
==3473516==    by 0x4013C6: main (in /sgoinfre/students/dbarba-v/minishell/minishell)
==3473516== 
==3473516== 1,024 bytes in 1 blocks are still reachable in loss record 47 of 80
==3473516==    at 0x4848899: malloc (in /usr/libexec/valgrind/vgpreload_memcheck-amd64-linux.so)
==3473516==    by 0x48ADBAC: xmalloc (in /usr/lib/x86_64-linux-gnu/libreadline.so.8.1)
==3473516==    by 0x4897DE8: ??? (in /usr/lib/x86_64-linux-gnu/libreadline.so.8.1)
==3473516==    by 0x48A0C7E: rl_redisplay (in /usr/lib/x86_64-linux-gnu/libreadline.so.8.1)
==3473516==    by 0x488B458: readline_internal_setup (in /usr/lib/x86_64-linux-gnu/libreadline.so.8.1)
==3473516==    by 0x4895CF8: readline (in /usr/lib/x86_64-linux-gnu/libreadline.so.8.1)
==3473516==    by 0x4019E1: get_prompt_input (in /sgoinfre/students/dbarba-v/minishell/minishell)
==3473516==    by 0x4013F2: minishell_loop (in /sgoinfre/students/dbarba-v/minishell/minishell)
==3473516==    by 0x4013C6: main (in /sgoinfre/students/dbarba-v/minishell/minishell)
==3473516== 
==3473516== 1,024 bytes in 1 blocks are still reachable in loss record 48 of 80
==3473516==    at 0x4848899: malloc (in /usr/libexec/valgrind/vgpreload_memcheck-amd64-linux.so)
==3473516==    by 0x48ADBAC: xmalloc (in /usr/lib/x86_64-linux-gnu/libreadline.so.8.1)
==3473516==    by 0x4897DF6: ??? (in /usr/lib/x86_64-linux-gnu/libreadline.so.8.1)
==3473516==    by 0x48A0C7E: rl_redisplay (in /usr/lib/x86_64-linux-gnu/libreadline.so.8.1)
==3473516==    by 0x488B458: readline_internal_setup (in /usr/lib/x86_64-linux-gnu/libreadline.so.8.1)
==3473516==    by 0x4895CF8: readline (in /usr/lib/x86_64-linux-gnu/libreadline.so.8.1)
==3473516==    by 0x4019E1: get_prompt_input (in /sgoinfre/students/dbarba-v/minishell/minishell)
==3473516==    by 0x4013F2: minishell_loop (in /sgoinfre/students/dbarba-v/minishell/minishell)
==3473516==    by 0x4013C6: main (in /sgoinfre/students/dbarba-v/minishell/minishell)
==3473516== 
==3473516== 1,536 bytes in 1 blocks are still reachable in loss record 49 of 80
==3473516==    at 0x484DCD3: realloc (in /usr/libexec/valgrind/vgpreload_memcheck-amd64-linux.so)
==3473516==    by 0x48AE491: xrealloc (in /usr/lib/x86_64-linux-gnu/libreadline.so.8.1)
==3473516==    by 0x488B877: rl_add_funmap_entry (in /usr/lib/x86_64-linux-gnu/libreadline.so.8.1)
==3473516==    by 0x488B8C8: rl_initialize_funmap (in /usr/lib/x86_64-linux-gnu/libreadline.so.8.1)
==3473516==    by 0x4895A2C: rl_initialize (in /usr/lib/x86_64-linux-gnu/libreadline.so.8.1)
==3473516==    by 0x4895CD4: readline (in /usr/lib/x86_64-linux-gnu/libreadline.so.8.1)
==3473516==    by 0x4019E1: get_prompt_input (in /sgoinfre/students/dbarba-v/minishell/minishell)
==3473516==    by 0x4013F2: minishell_loop (in /sgoinfre/students/dbarba-v/minishell/minishell)
==3473516==    by 0x4013C6: main (in /sgoinfre/students/dbarba-v/minishell/minishell)
==3473516== 
==3473516== 1,656 bytes in 69 blocks are still reachable in loss record 50 of 80
==3473516==    at 0x4848899: malloc (in /usr/libexec/valgrind/vgpreload_memcheck-amd64-linux.so)
==3473516==    by 0x408797: ft_calloc (in /sgoinfre/students/dbarba-v/minishell/minishell)
==3473516==    by 0x401BFA: create_env_node (in /sgoinfre/students/dbarba-v/minishell/minishell)
==3473516==    by 0x401E2E: regenerate_environment (in /sgoinfre/students/dbarba-v/minishell/minishell)
==3473516==    by 0x40507D: init_mini (in /sgoinfre/students/dbarba-v/minishell/minishell)
==3473516==    by 0x4013BD: main (in /sgoinfre/students/dbarba-v/minishell/minishell)
==3473516== 
==3473516== 1,664 bytes in 1 blocks are still reachable in loss record 51 of 80
==3473516==    at 0x4848899: malloc (in /usr/libexec/valgrind/vgpreload_memcheck-amd64-linux.so)
==3473516==    by 0x4B0BACD: _nc_read_termtype (in /usr/lib/x86_64-linux-gnu/libtinfo.so.6.3)
==3473516==    by 0x4B0C52A: ??? (in /usr/lib/x86_64-linux-gnu/libtinfo.so.6.3)
==3473516==    by 0x4B0EC40: ??? (in /usr/lib/x86_64-linux-gnu/libtinfo.so.6.3)
==3473516==    by 0x4B0C6BB: _nc_read_entry2 (in /usr/lib/x86_64-linux-gnu/libtinfo.so.6.3)
==3473516==    by 0x4B0C711: ??? (in /usr/lib/x86_64-linux-gnu/libtinfo.so.6.3)
==3473516==    by 0x4B0C866: _nc_setupterm (in /usr/lib/x86_64-linux-gnu/libtinfo.so.6.3)
==3473516==    by 0x4B0D4C9: tgetent_sp (in /usr/lib/x86_64-linux-gnu/libtinfo.so.6.3)
==3473516==    by 0x48A91CD: _rl_init_terminal_io (in /usr/lib/x86_64-linux-gnu/libreadline.so.8.1)
==3473516==    by 0x4895A0F: rl_initialize (in /usr/lib/x86_64-linux-gnu/libreadline.so.8.1)
==3473516==    by 0x4895CD4: readline (in /usr/lib/x86_64-linux-gnu/libreadline.so.8.1)
==3473516==    by 0x4019E1: get_prompt_input (in /sgoinfre/students/dbarba-v/minishell/minishell)
==3473516== 
==3473516== 1,711 bytes in 67 blocks are still reachable in loss record 52 of 80
==3473516==    at 0x4848899: malloc (in /usr/libexec/valgrind/vgpreload_memcheck-amd64-linux.so)
==3473516==    by 0x40981D: ft_substr (in /sgoinfre/students/dbarba-v/minishell/minishell)
==3473516==    by 0x401D02: create_env_node (in /sgoinfre/students/dbarba-v/minishell/minishell)
==3473516==    by 0x401E2E: regenerate_environment (in /sgoinfre/students/dbarba-v/minishell/minishell)
==3473516==    by 0x40507D: init_mini (in /sgoinfre/students/dbarba-v/minishell/minishell)
==3473516==    by 0x4013BD: main (in /sgoinfre/students/dbarba-v/minishell/minishell)
==3473516== 
==3473516== 2,032 bytes in 1 blocks are still reachable in loss record 53 of 80
==3473516==    at 0x4848899: malloc (in /usr/libexec/valgrind/vgpreload_memcheck-amd64-linux.so)
==3473516==    by 0x48ADBAC: xmalloc (in /usr/lib/x86_64-linux-gnu/libreadline.so.8.1)
==3473516==    by 0x48A9419: _rl_init_terminal_io (in /usr/lib/x86_64-linux-gnu/libreadline.so.8.1)
==3473516==    by 0x4895A0F: rl_initialize (in /usr/lib/x86_64-linux-gnu/libreadline.so.8.1)
==3473516==    by 0x4895CD4: readline (in /usr/lib/x86_64-linux-gnu/libreadline.so.8.1)
==3473516==    by 0x4019E1: get_prompt_input (in /sgoinfre/students/dbarba-v/minishell/minishell)
==3473516==    by 0x4013F2: minishell_loop (in /sgoinfre/students/dbarba-v/minishell/minishell)
==3473516==    by 0x4013C6: main (in /sgoinfre/students/dbarba-v/minishell/minishell)
==3473516== 
==3473516== 2,240 bytes in 140 blocks are still reachable in loss record 54 of 80
==3473516==    at 0x4848899: malloc (in /usr/libexec/valgrind/vgpreload_memcheck-amd64-linux.so)
==3473516==    by 0x48ADBAC: xmalloc (in /usr/lib/x86_64-linux-gnu/libreadline.so.8.1)
==3473516==    by 0x488B822: rl_add_funmap_entry (in /usr/lib/x86_64-linux-gnu/libreadline.so.8.1)
==3473516==    by 0x488B8C8: rl_initialize_funmap (in /usr/lib/x86_64-linux-gnu/libreadline.so.8.1)
==3473516==    by 0x4895A2C: rl_initialize (in /usr/lib/x86_64-linux-gnu/libreadline.so.8.1)
==3473516==    by 0x4895CD4: readline (in /usr/lib/x86_64-linux-gnu/libreadline.so.8.1)
==3473516==    by 0x4019E1: get_prompt_input (in /sgoinfre/students/dbarba-v/minishell/minishell)
==3473516==    by 0x4013F2: minishell_loop (in /sgoinfre/students/dbarba-v/minishell/minishell)
==3473516==    by 0x4013C6: main (in /sgoinfre/students/dbarba-v/minishell/minishell)
==3473516== 
==3473516== 2,720 bytes in 69 blocks are still reachable in loss record 55 of 80
==3473516==    at 0x4848899: malloc (in /usr/libexec/valgrind/vgpreload_memcheck-amd64-linux.so)
==3473516==    by 0x4093FA: ft_strjoin_alloc (in /sgoinfre/students/dbarba-v/minishell/minishell)
==3473516==    by 0x4092F5: ft_strjoin (in /sgoinfre/students/dbarba-v/minishell/minishell)
==3473516==    by 0x409509: ft_strjoin_three (in /sgoinfre/students/dbarba-v/minishell/minishell)
==3473516==    by 0x401ACE: get_environment_array (in /sgoinfre/students/dbarba-v/minishell/minishell)
==3473516==    by 0x4050A9: init_mini (in /sgoinfre/students/dbarba-v/minishell/minishell)
==3473516==    by 0x4013BD: main (in /sgoinfre/students/dbarba-v/minishell/minishell)
==3473516== 
==3473516== 3,904 bytes in 1 blocks are still reachable in loss record 56 of 80
==3473516==    at 0x484DCD3: realloc (in /usr/libexec/valgrind/vgpreload_memcheck-amd64-linux.so)
==3473516==    by 0x4B016CC: _nc_doalloc (in /usr/lib/x86_64-linux-gnu/libtinfo.so.6.3)
==3473516==    by 0x4B0C1B5: _nc_read_termtype (in /usr/lib/x86_64-linux-gnu/libtinfo.so.6.3)
==3473516==    by 0x4B0C52A: ??? (in /usr/lib/x86_64-linux-gnu/libtinfo.so.6.3)
==3473516==    by 0x4B0EC40: ??? (in /usr/lib/x86_64-linux-gnu/libtinfo.so.6.3)
==3473516==    by 0x4B0C6BB: _nc_read_entry2 (in /usr/lib/x86_64-linux-gnu/libtinfo.so.6.3)
==3473516==    by 0x4B0C711: ??? (in /usr/lib/x86_64-linux-gnu/libtinfo.so.6.3)
==3473516==    by 0x4B0C866: _nc_setupterm (in /usr/lib/x86_64-linux-gnu/libtinfo.so.6.3)
==3473516==    by 0x4B0D4C9: tgetent_sp (in /usr/lib/x86_64-linux-gnu/libtinfo.so.6.3)
==3473516==    by 0x48A91CD: _rl_init_terminal_io (in /usr/lib/x86_64-linux-gnu/libreadline.so.8.1)
==3473516==    by 0x4895A0F: rl_initialize (in /usr/lib/x86_64-linux-gnu/libreadline.so.8.1)
==3473516==    by 0x4895CD4: readline (in /usr/lib/x86_64-linux-gnu/libreadline.so.8.1)
==3473516== 
==3473516== 3,904 bytes in 1 blocks are still reachable in loss record 57 of 80
==3473516==    at 0x4848899: malloc (in /usr/libexec/valgrind/vgpreload_memcheck-amd64-linux.so)
==3473516==    by 0x4B00FFF: ??? (in /usr/lib/x86_64-linux-gnu/libtinfo.so.6.3)
==3473516==    by 0x4B0C87D: _nc_setupterm (in /usr/lib/x86_64-linux-gnu/libtinfo.so.6.3)
==3473516==    by 0x4B0D4C9: tgetent_sp (in /usr/lib/x86_64-linux-gnu/libtinfo.so.6.3)
==3473516==    by 0x48A91CD: _rl_init_terminal_io (in /usr/lib/x86_64-linux-gnu/libreadline.so.8.1)
==3473516==    by 0x4895A0F: rl_initialize (in /usr/lib/x86_64-linux-gnu/libreadline.so.8.1)
==3473516==    by 0x4895CD4: readline (in /usr/lib/x86_64-linux-gnu/libreadline.so.8.1)
==3473516==    by 0x4019E1: get_prompt_input (in /sgoinfre/students/dbarba-v/minishell/minishell)
==3473516==    by 0x4013F2: minishell_loop (in /sgoinfre/students/dbarba-v/minishell/minishell)
==3473516==    by 0x4013C6: main (in /sgoinfre/students/dbarba-v/minishell/minishell)
==3473516== 
==3473516== 4,016 bytes in 1 blocks are still reachable in loss record 58 of 80
==3473516==    at 0x4848899: malloc (in /usr/libexec/valgrind/vgpreload_memcheck-amd64-linux.so)
==3473516==    by 0x48ADBAC: xmalloc (in /usr/lib/x86_64-linux-gnu/libreadline.so.8.1)
==3473516==    by 0x48A6FD6: add_history (in /usr/lib/x86_64-linux-gnu/libreadline.so.8.1)
==3473516==    by 0x4019F9: get_prompt_input (in /sgoinfre/students/dbarba-v/minishell/minishell)
==3473516==    by 0x4013F2: minishell_loop (in /sgoinfre/students/dbarba-v/minishell/minishell)
==3473516==    by 0x4013C6: main (in /sgoinfre/students/dbarba-v/minishell/minishell)
==3473516== 
==3473516== 4,080 bytes in 1 blocks are still reachable in loss record 59 of 80
==3473516==    at 0x4848899: malloc (in /usr/libexec/valgrind/vgpreload_memcheck-amd64-linux.so)
==3473516==    by 0x48ADBAC: xmalloc (in /usr/lib/x86_64-linux-gnu/libreadline.so.8.1)
==3473516==    by 0x48A93F9: _rl_init_terminal_io (in /usr/lib/x86_64-linux-gnu/libreadline.so.8.1)
==3473516==    by 0x4895A0F: rl_initialize (in /usr/lib/x86_64-linux-gnu/libreadline.so.8.1)
==3473516==    by 0x4895CD4: readline (in /usr/lib/x86_64-linux-gnu/libreadline.so.8.1)
==3473516==    by 0x4019E1: get_prompt_input (in /sgoinfre/students/dbarba-v/minishell/minishell)
==3473516==    by 0x4013F2: minishell_loop (in /sgoinfre/students/dbarba-v/minishell/minishell)
==3473516==    by 0x4013C6: main (in /sgoinfre/students/dbarba-v/minishell/minishell)
==3473516== 
==3473516== 4,112 bytes in 1 blocks are still reachable in loss record 60 of 80
==3473516==    at 0x4848899: malloc (in /usr/libexec/valgrind/vgpreload_memcheck-amd64-linux.so)
==3473516==    by 0x48ADBAC: xmalloc (in /usr/lib/x86_64-linux-gnu/libreadline.so.8.1)
==3473516==    by 0x488A251: rl_make_bare_keymap (in /usr/lib/x86_64-linux-gnu/libreadline.so.8.1)
==3473516==    by 0x488AB6A: rl_generic_bind (in /usr/lib/x86_64-linux-gnu/libreadline.so.8.1)
==3473516==    by 0x489575D: rl_bind_keyseq_if_unbound_in_map (in /usr/lib/x86_64-linux-gnu/libreadline.so.8.1)
==3473516==    by 0x48A8DD5: ??? (in /usr/lib/x86_64-linux-gnu/libreadline.so.8.1)
==3473516==    by 0x48A931F: _rl_init_terminal_io (in /usr/lib/x86_64-linux-gnu/libreadline.so.8.1)
==3473516==    by 0x4895A0F: rl_initialize (in /usr/lib/x86_64-linux-gnu/libreadline.so.8.1)
==3473516==    by 0x4895CD4: readline (in /usr/lib/x86_64-linux-gnu/libreadline.so.8.1)
==3473516==    by 0x4019E1: get_prompt_input (in /sgoinfre/students/dbarba-v/minishell/minishell)
==3473516==    by 0x4013F2: minishell_loop (in /sgoinfre/students/dbarba-v/minishell/minishell)
==3473516==    by 0x4013C6: main (in /sgoinfre/students/dbarba-v/minishell/minishell)
==3473516== 
==3473516== 4,112 bytes in 1 blocks are still reachable in loss record 61 of 80
==3473516==    at 0x4848899: malloc (in /usr/libexec/valgrind/vgpreload_memcheck-amd64-linux.so)
==3473516==    by 0x48ADBAC: xmalloc (in /usr/lib/x86_64-linux-gnu/libreadline.so.8.1)
==3473516==    by 0x488A251: rl_make_bare_keymap (in /usr/lib/x86_64-linux-gnu/libreadline.so.8.1)
==3473516==    by 0x488AB6A: rl_generic_bind (in /usr/lib/x86_64-linux-gnu/libreadline.so.8.1)
==3473516==    by 0x489575D: rl_bind_keyseq_if_unbound_in_map (in /usr/lib/x86_64-linux-gnu/libreadline.so.8.1)
==3473516==    by 0x48A8E5A: ??? (in /usr/lib/x86_64-linux-gnu/libreadline.so.8.1)
==3473516==    by 0x48A931F: _rl_init_terminal_io (in /usr/lib/x86_64-linux-gnu/libreadline.so.8.1)
==3473516==    by 0x4895A0F: rl_initialize (in /usr/lib/x86_64-linux-gnu/libreadline.so.8.1)
==3473516==    by 0x4895CD4: readline (in /usr/lib/x86_64-linux-gnu/libreadline.so.8.1)
==3473516==    by 0x4019E1: get_prompt_input (in /sgoinfre/students/dbarba-v/minishell/minishell)
==3473516==    by 0x4013F2: minishell_loop (in /sgoinfre/students/dbarba-v/minishell/minishell)
==3473516==    by 0x4013C6: main (in /sgoinfre/students/dbarba-v/minishell/minishell)
==3473516== 
==3473516== 4,112 bytes in 1 blocks are still reachable in loss record 62 of 80
==3473516==    at 0x4848899: malloc (in /usr/libexec/valgrind/vgpreload_memcheck-amd64-linux.so)
==3473516==    by 0x48ADBAC: xmalloc (in /usr/lib/x86_64-linux-gnu/libreadline.so.8.1)
==3473516==    by 0x488A251: rl_make_bare_keymap (in /usr/lib/x86_64-linux-gnu/libreadline.so.8.1)
==3473516==    by 0x488AB6A: rl_generic_bind (in /usr/lib/x86_64-linux-gnu/libreadline.so.8.1)
==3473516==    by 0x489575D: rl_bind_keyseq_if_unbound_in_map (in /usr/lib/x86_64-linux-gnu/libreadline.so.8.1)
==3473516==    by 0x48A8E5A: ??? (in /usr/lib/x86_64-linux-gnu/libreadline.so.8.1)
==3473516==    by 0x48A932B: _rl_init_terminal_io (in /usr/lib/x86_64-linux-gnu/libreadline.so.8.1)
==3473516==    by 0x4895A0F: rl_initialize (in /usr/lib/x86_64-linux-gnu/libreadline.so.8.1)
==3473516==    by 0x4895CD4: readline (in /usr/lib/x86_64-linux-gnu/libreadline.so.8.1)
==3473516==    by 0x4019E1: get_prompt_input (in /sgoinfre/students/dbarba-v/minishell/minishell)
==3473516==    by 0x4013F2: minishell_loop (in /sgoinfre/students/dbarba-v/minishell/minishell)
==3473516==    by 0x4013C6: main (in /sgoinfre/students/dbarba-v/minishell/minishell)
==3473516== 
==3473516== 4,112 bytes in 1 blocks are still reachable in loss record 63 of 80
==3473516==    at 0x4848899: malloc (in /usr/libexec/valgrind/vgpreload_memcheck-amd64-linux.so)
==3473516==    by 0x48ADBAC: xmalloc (in /usr/lib/x86_64-linux-gnu/libreadline.so.8.1)
==3473516==    by 0x488A251: rl_make_bare_keymap (in /usr/lib/x86_64-linux-gnu/libreadline.so.8.1)
==3473516==    by 0x488AB6A: rl_generic_bind (in /usr/lib/x86_64-linux-gnu/libreadline.so.8.1)
==3473516==    by 0x489575D: rl_bind_keyseq_if_unbound_in_map (in /usr/lib/x86_64-linux-gnu/libreadline.so.8.1)
==3473516==    by 0x48A8E5A: ??? (in /usr/lib/x86_64-linux-gnu/libreadline.so.8.1)
==3473516==    by 0x48A9337: _rl_init_terminal_io (in /usr/lib/x86_64-linux-gnu/libreadline.so.8.1)
==3473516==    by 0x4895A0F: rl_initialize (in /usr/lib/x86_64-linux-gnu/libreadline.so.8.1)
==3473516==    by 0x4895CD4: readline (in /usr/lib/x86_64-linux-gnu/libreadline.so.8.1)
==3473516==    by 0x4019E1: get_prompt_input (in /sgoinfre/students/dbarba-v/minishell/minishell)
==3473516==    by 0x4013F2: minishell_loop (in /sgoinfre/students/dbarba-v/minishell/minishell)
==3473516==    by 0x4013C6: main (in /sgoinfre/students/dbarba-v/minishell/minishell)
==3473516== 
==3473516== 4,112 bytes in 1 blocks are still reachable in loss record 64 of 80
==3473516==    at 0x4848899: malloc (in /usr/libexec/valgrind/vgpreload_memcheck-amd64-linux.so)
==3473516==    by 0x48ADBAC: xmalloc (in /usr/lib/x86_64-linux-gnu/libreadline.so.8.1)
==3473516==    by 0x488A251: rl_make_bare_keymap (in /usr/lib/x86_64-linux-gnu/libreadline.so.8.1)
==3473516==    by 0x488AB6A: rl_generic_bind (in /usr/lib/x86_64-linux-gnu/libreadline.so.8.1)
==3473516==    by 0x489575D: rl_bind_keyseq_if_unbound_in_map (in /usr/lib/x86_64-linux-gnu/libreadline.so.8.1)
==3473516==    by 0x489594C: ??? (in /usr/lib/x86_64-linux-gnu/libreadline.so.8.1)
==3473516==    by 0x4895A84: rl_initialize (in /usr/lib/x86_64-linux-gnu/libreadline.so.8.1)
==3473516==    by 0x4895CD4: readline (in /usr/lib/x86_64-linux-gnu/libreadline.so.8.1)
==3473516==    by 0x4019E1: get_prompt_input (in /sgoinfre/students/dbarba-v/minishell/minishell)
==3473516==    by 0x4013F2: minishell_loop (in /sgoinfre/students/dbarba-v/minishell/minishell)
==3473516==    by 0x4013C6: main (in /sgoinfre/students/dbarba-v/minishell/minishell)
==3473516== 
==3473516== 4,112 bytes in 1 blocks are still reachable in loss record 65 of 80
==3473516==    at 0x4848899: malloc (in /usr/libexec/valgrind/vgpreload_memcheck-amd64-linux.so)
==3473516==    by 0x48ADBAC: xmalloc (in /usr/lib/x86_64-linux-gnu/libreadline.so.8.1)
==3473516==    by 0x488A251: rl_make_bare_keymap (in /usr/lib/x86_64-linux-gnu/libreadline.so.8.1)
==3473516==    by 0x488AB6A: rl_generic_bind (in /usr/lib/x86_64-linux-gnu/libreadline.so.8.1)
==3473516==    by 0x489575D: rl_bind_keyseq_if_unbound_in_map (in /usr/lib/x86_64-linux-gnu/libreadline.so.8.1)
==3473516==    by 0x489594C: ??? (in /usr/lib/x86_64-linux-gnu/libreadline.so.8.1)
==3473516==    by 0x4895A93: rl_initialize (in /usr/lib/x86_64-linux-gnu/libreadline.so.8.1)
==3473516==    by 0x4895CD4: readline (in /usr/lib/x86_64-linux-gnu/libreadline.so.8.1)
==3473516==    by 0x4019E1: get_prompt_input (in /sgoinfre/students/dbarba-v/minishell/minishell)
==3473516==    by 0x4013F2: minishell_loop (in /sgoinfre/students/dbarba-v/minishell/minishell)
==3473516==    by 0x4013C6: main (in /sgoinfre/students/dbarba-v/minishell/minishell)
==3473516== 
==3473516== 4,112 bytes in 1 blocks are still reachable in loss record 66 of 80
==3473516==    at 0x4848899: malloc (in /usr/libexec/valgrind/vgpreload_memcheck-amd64-linux.so)
==3473516==    by 0x48ADBAC: xmalloc (in /usr/lib/x86_64-linux-gnu/libreadline.so.8.1)
==3473516==    by 0x488A251: rl_make_bare_keymap (in /usr/lib/x86_64-linux-gnu/libreadline.so.8.1)
==3473516==    by 0x488AB6A: rl_generic_bind (in /usr/lib/x86_64-linux-gnu/libreadline.so.8.1)
==3473516==    by 0x489575D: rl_bind_keyseq_if_unbound_in_map (in /usr/lib/x86_64-linux-gnu/libreadline.so.8.1)
==3473516==    by 0x489594C: ??? (in /usr/lib/x86_64-linux-gnu/libreadline.so.8.1)
==3473516==    by 0x4895AB8: rl_initialize (in /usr/lib/x86_64-linux-gnu/libreadline.so.8.1)
==3473516==    by 0x4895CD4: readline (in /usr/lib/x86_64-linux-gnu/libreadline.so.8.1)
==3473516==    by 0x4019E1: get_prompt_input (in /sgoinfre/students/dbarba-v/minishell/minishell)
==3473516==    by 0x4013F2: minishell_loop (in /sgoinfre/students/dbarba-v/minishell/minishell)
==3473516==    by 0x4013C6: main (in /sgoinfre/students/dbarba-v/minishell/minishell)
==3473516== 
==3473516== 7,952 bytes in 1 blocks are still reachable in loss record 67 of 80
==3473516==    at 0x484DA83: calloc (in /usr/libexec/valgrind/vgpreload_memcheck-amd64-linux.so)
==3473516==    by 0x4AFFC97: ??? (in /usr/lib/x86_64-linux-gnu/libtinfo.so.6.3)
==3473516==    by 0x4B013AF: _nc_find_type_entry (in /usr/lib/x86_64-linux-gnu/libtinfo.so.6.3)
==3473516==    by 0x4B03E4C: tgetstr_sp (in /usr/lib/x86_64-linux-gnu/libtinfo.so.6.3)
==3473516==    by 0x48A921A: _rl_init_terminal_io (in /usr/lib/x86_64-linux-gnu/libreadline.so.8.1)
==3473516==    by 0x4895A0F: rl_initialize (in /usr/lib/x86_64-linux-gnu/libreadline.so.8.1)
==3473516==    by 0x4895CD4: readline (in /usr/lib/x86_64-linux-gnu/libreadline.so.8.1)
==3473516==    by 0x4019E1: get_prompt_input (in /sgoinfre/students/dbarba-v/minishell/minishell)
==3473516==    by 0x4013F2: minishell_loop (in /sgoinfre/students/dbarba-v/minishell/minishell)
==3473516==    by 0x4013C6: main (in /sgoinfre/students/dbarba-v/minishell/minishell)
==3473516== 
==3473516== 8,224 bytes in 2 blocks are still reachable in loss record 68 of 80
==3473516==    at 0x4848899: malloc (in /usr/libexec/valgrind/vgpreload_memcheck-amd64-linux.so)
==3473516==    by 0x48ADBAC: xmalloc (in /usr/lib/x86_64-linux-gnu/libreadline.so.8.1)
==3473516==    by 0x488A251: rl_make_bare_keymap (in /usr/lib/x86_64-linux-gnu/libreadline.so.8.1)
==3473516==    by 0x488AB6A: rl_generic_bind (in /usr/lib/x86_64-linux-gnu/libreadline.so.8.1)
==3473516==    by 0x489575D: rl_bind_keyseq_if_unbound_in_map (in /usr/lib/x86_64-linux-gnu/libreadline.so.8.1)
==3473516==    by 0x48A8E47: ??? (in /usr/lib/x86_64-linux-gnu/libreadline.so.8.1)
==3473516==    by 0x48A931F: _rl_init_terminal_io (in /usr/lib/x86_64-linux-gnu/libreadline.so.8.1)
==3473516==    by 0x4895A0F: rl_initialize (in /usr/lib/x86_64-linux-gnu/libreadline.so.8.1)
==3473516==    by 0x4895CD4: readline (in /usr/lib/x86_64-linux-gnu/libreadline.so.8.1)
==3473516==    by 0x4019E1: get_prompt_input (in /sgoinfre/students/dbarba-v/minishell/minishell)
==3473516==    by 0x4013F2: minishell_loop (in /sgoinfre/students/dbarba-v/minishell/minishell)
==3473516==    by 0x4013C6: main (in /sgoinfre/students/dbarba-v/minishell/minishell)
==3473516== 
==3473516== 8,224 bytes in 2 blocks are still reachable in loss record 69 of 80
==3473516==    at 0x4848899: malloc (in /usr/libexec/valgrind/vgpreload_memcheck-amd64-linux.so)
==3473516==    by 0x48ADBAC: xmalloc (in /usr/lib/x86_64-linux-gnu/libreadline.so.8.1)
==3473516==    by 0x488A251: rl_make_bare_keymap (in /usr/lib/x86_64-linux-gnu/libreadline.so.8.1)
==3473516==    by 0x488AB6A: rl_generic_bind (in /usr/lib/x86_64-linux-gnu/libreadline.so.8.1)
==3473516==    by 0x489575D: rl_bind_keyseq_if_unbound_in_map (in /usr/lib/x86_64-linux-gnu/libreadline.so.8.1)
==3473516==    by 0x48A8DD5: ??? (in /usr/lib/x86_64-linux-gnu/libreadline.so.8.1)
==3473516==    by 0x48A932B: _rl_init_terminal_io (in /usr/lib/x86_64-linux-gnu/libreadline.so.8.1)
==3473516==    by 0x4895A0F: rl_initialize (in /usr/lib/x86_64-linux-gnu/libreadline.so.8.1)
==3473516==    by 0x4895CD4: readline (in /usr/lib/x86_64-linux-gnu/libreadline.so.8.1)
==3473516==    by 0x4019E1: get_prompt_input (in /sgoinfre/students/dbarba-v/minishell/minishell)
==3473516==    by 0x4013F2: minishell_loop (in /sgoinfre/students/dbarba-v/minishell/minishell)
==3473516==    by 0x4013C6: main (in /sgoinfre/students/dbarba-v/minishell/minishell)
==3473516== 
==3473516== 8,224 bytes in 2 blocks are still reachable in loss record 70 of 80
==3473516==    at 0x4848899: malloc (in /usr/libexec/valgrind/vgpreload_memcheck-amd64-linux.so)
==3473516==    by 0x48ADBAC: xmalloc (in /usr/lib/x86_64-linux-gnu/libreadline.so.8.1)
==3473516==    by 0x488A251: rl_make_bare_keymap (in /usr/lib/x86_64-linux-gnu/libreadline.so.8.1)
==3473516==    by 0x488AB6A: rl_generic_bind (in /usr/lib/x86_64-linux-gnu/libreadline.so.8.1)
==3473516==    by 0x489575D: rl_bind_keyseq_if_unbound_in_map (in /usr/lib/x86_64-linux-gnu/libreadline.so.8.1)
==3473516==    by 0x48A8E47: ??? (in /usr/lib/x86_64-linux-gnu/libreadline.so.8.1)
==3473516==    by 0x48A932B: _rl_init_terminal_io (in /usr/lib/x86_64-linux-gnu/libreadline.so.8.1)
==3473516==    by 0x4895A0F: rl_initialize (in /usr/lib/x86_64-linux-gnu/libreadline.so.8.1)
==3473516==    by 0x4895CD4: readline (in /usr/lib/x86_64-linux-gnu/libreadline.so.8.1)
==3473516==    by 0x4019E1: get_prompt_input (in /sgoinfre/students/dbarba-v/minishell/minishell)
==3473516==    by 0x4013F2: minishell_loop (in /sgoinfre/students/dbarba-v/minishell/minishell)
==3473516==    by 0x4013C6: main (in /sgoinfre/students/dbarba-v/minishell/minishell)
==3473516== 
==3473516== 8,224 bytes in 2 blocks are still reachable in loss record 71 of 80
==3473516==    at 0x4848899: malloc (in /usr/libexec/valgrind/vgpreload_memcheck-amd64-linux.so)
==3473516==    by 0x48ADBAC: xmalloc (in /usr/lib/x86_64-linux-gnu/libreadline.so.8.1)
==3473516==    by 0x488A251: rl_make_bare_keymap (in /usr/lib/x86_64-linux-gnu/libreadline.so.8.1)
==3473516==    by 0x488AB6A: rl_generic_bind (in /usr/lib/x86_64-linux-gnu/libreadline.so.8.1)
==3473516==    by 0x489575D: rl_bind_keyseq_if_unbound_in_map (in /usr/lib/x86_64-linux-gnu/libreadline.so.8.1)
==3473516==    by 0x48A8DD5: ??? (in /usr/lib/x86_64-linux-gnu/libreadline.so.8.1)
==3473516==    by 0x48A9337: _rl_init_terminal_io (in /usr/lib/x86_64-linux-gnu/libreadline.so.8.1)
==3473516==    by 0x4895A0F: rl_initialize (in /usr/lib/x86_64-linux-gnu/libreadline.so.8.1)
==3473516==    by 0x4895CD4: readline (in /usr/lib/x86_64-linux-gnu/libreadline.so.8.1)
==3473516==    by 0x4019E1: get_prompt_input (in /sgoinfre/students/dbarba-v/minishell/minishell)
==3473516==    by 0x4013F2: minishell_loop (in /sgoinfre/students/dbarba-v/minishell/minishell)
==3473516==    by 0x4013C6: main (in /sgoinfre/students/dbarba-v/minishell/minishell)
==3473516== 
==3473516== 8,224 bytes in 2 blocks are still reachable in loss record 72 of 80
==3473516==    at 0x4848899: malloc (in /usr/libexec/valgrind/vgpreload_memcheck-amd64-linux.so)
==3473516==    by 0x48ADBAC: xmalloc (in /usr/lib/x86_64-linux-gnu/libreadline.so.8.1)
==3473516==    by 0x488A251: rl_make_bare_keymap (in /usr/lib/x86_64-linux-gnu/libreadline.so.8.1)
==3473516==    by 0x488AB6A: rl_generic_bind (in /usr/lib/x86_64-linux-gnu/libreadline.so.8.1)
==3473516==    by 0x489575D: rl_bind_keyseq_if_unbound_in_map (in /usr/lib/x86_64-linux-gnu/libreadline.so.8.1)
==3473516==    by 0x48A8E47: ??? (in /usr/lib/x86_64-linux-gnu/libreadline.so.8.1)
==3473516==    by 0x48A9337: _rl_init_terminal_io (in /usr/lib/x86_64-linux-gnu/libreadline.so.8.1)
==3473516==    by 0x4895A0F: rl_initialize (in /usr/lib/x86_64-linux-gnu/libreadline.so.8.1)
==3473516==    by 0x4895CD4: readline (in /usr/lib/x86_64-linux-gnu/libreadline.so.8.1)
==3473516==    by 0x4019E1: get_prompt_input (in /sgoinfre/students/dbarba-v/minishell/minishell)
==3473516==    by 0x4013F2: minishell_loop (in /sgoinfre/students/dbarba-v/minishell/minishell)
==3473516==    by 0x4013C6: main (in /sgoinfre/students/dbarba-v/minishell/minishell)
==3473516== 
==3473516== 8,224 bytes in 2 blocks are still reachable in loss record 73 of 80
==3473516==    at 0x4848899: malloc (in /usr/libexec/valgrind/vgpreload_memcheck-amd64-linux.so)
==3473516==    by 0x48ADBAC: xmalloc (in /usr/lib/x86_64-linux-gnu/libreadline.so.8.1)
==3473516==    by 0x488A251: rl_make_bare_keymap (in /usr/lib/x86_64-linux-gnu/libreadline.so.8.1)
==3473516==    by 0x488AB6A: rl_generic_bind (in /usr/lib/x86_64-linux-gnu/libreadline.so.8.1)
==3473516==    by 0x489575D: rl_bind_keyseq_if_unbound_in_map (in /usr/lib/x86_64-linux-gnu/libreadline.so.8.1)
==3473516==    by 0x489593D: ??? (in /usr/lib/x86_64-linux-gnu/libreadline.so.8.1)
==3473516==    by 0x4895A84: rl_initialize (in /usr/lib/x86_64-linux-gnu/libreadline.so.8.1)
==3473516==    by 0x4895CD4: readline (in /usr/lib/x86_64-linux-gnu/libreadline.so.8.1)
==3473516==    by 0x4019E1: get_prompt_input (in /sgoinfre/students/dbarba-v/minishell/minishell)
==3473516==    by 0x4013F2: minishell_loop (in /sgoinfre/students/dbarba-v/minishell/minishell)
==3473516==    by 0x4013C6: main (in /sgoinfre/students/dbarba-v/minishell/minishell)
==3473516== 
==3473516== 8,224 bytes in 2 blocks are still reachable in loss record 74 of 80
==3473516==    at 0x4848899: malloc (in /usr/libexec/valgrind/vgpreload_memcheck-amd64-linux.so)
==3473516==    by 0x48ADBAC: xmalloc (in /usr/lib/x86_64-linux-gnu/libreadline.so.8.1)
==3473516==    by 0x488A251: rl_make_bare_keymap (in /usr/lib/x86_64-linux-gnu/libreadline.so.8.1)
==3473516==    by 0x488AB6A: rl_generic_bind (in /usr/lib/x86_64-linux-gnu/libreadline.so.8.1)
==3473516==    by 0x489575D: rl_bind_keyseq_if_unbound_in_map (in /usr/lib/x86_64-linux-gnu/libreadline.so.8.1)
==3473516==    by 0x489593D: ??? (in /usr/lib/x86_64-linux-gnu/libreadline.so.8.1)
==3473516==    by 0x4895A93: rl_initialize (in /usr/lib/x86_64-linux-gnu/libreadline.so.8.1)
==3473516==    by 0x4895CD4: readline (in /usr/lib/x86_64-linux-gnu/libreadline.so.8.1)
==3473516==    by 0x4019E1: get_prompt_input (in /sgoinfre/students/dbarba-v/minishell/minishell)
==3473516==    by 0x4013F2: minishell_loop (in /sgoinfre/students/dbarba-v/minishell/minishell)
==3473516==    by 0x4013C6: main (in /sgoinfre/students/dbarba-v/minishell/minishell)
==3473516== 
==3473516== 8,224 bytes in 2 blocks are still reachable in loss record 75 of 80
==3473516==    at 0x4848899: malloc (in /usr/libexec/valgrind/vgpreload_memcheck-amd64-linux.so)
==3473516==    by 0x48ADBAC: xmalloc (in /usr/lib/x86_64-linux-gnu/libreadline.so.8.1)
==3473516==    by 0x488A251: rl_make_bare_keymap (in /usr/lib/x86_64-linux-gnu/libreadline.so.8.1)
==3473516==    by 0x488AB6A: rl_generic_bind (in /usr/lib/x86_64-linux-gnu/libreadline.so.8.1)
==3473516==    by 0x489575D: rl_bind_keyseq_if_unbound_in_map (in /usr/lib/x86_64-linux-gnu/libreadline.so.8.1)
==3473516==    by 0x489593D: ??? (in /usr/lib/x86_64-linux-gnu/libreadline.so.8.1)
==3473516==    by 0x4895AB8: rl_initialize (in /usr/lib/x86_64-linux-gnu/libreadline.so.8.1)
==3473516==    by 0x4895CD4: readline (in /usr/lib/x86_64-linux-gnu/libreadline.so.8.1)
==3473516==    by 0x4019E1: get_prompt_input (in /sgoinfre/students/dbarba-v/minishell/minishell)
==3473516==    by 0x4013F2: minishell_loop (in /sgoinfre/students/dbarba-v/minishell/minishell)
==3473516==    by 0x4013C6: main (in /sgoinfre/students/dbarba-v/minishell/minishell)
==3473516== 
==3473516== 8,224 bytes in 2 blocks are still reachable in loss record 76 of 80
==3473516==    at 0x4848899: malloc (in /usr/libexec/valgrind/vgpreload_memcheck-amd64-linux.so)
==3473516==    by 0x48ADBAC: xmalloc (in /usr/lib/x86_64-linux-gnu/libreadline.so.8.1)
==3473516==    by 0x488A251: rl_make_bare_keymap (in /usr/lib/x86_64-linux-gnu/libreadline.so.8.1)
==3473516==    by 0x488AB6A: rl_generic_bind (in /usr/lib/x86_64-linux-gnu/libreadline.so.8.1)
==3473516==    by 0x489575D: rl_bind_keyseq_if_unbound_in_map (in /usr/lib/x86_64-linux-gnu/libreadline.so.8.1)
==3473516==    by 0x4895AD2: rl_initialize (in /usr/lib/x86_64-linux-gnu/libreadline.so.8.1)
==3473516==    by 0x4895CD4: readline (in /usr/lib/x86_64-linux-gnu/libreadline.so.8.1)
==3473516==    by 0x4019E1: get_prompt_input (in /sgoinfre/students/dbarba-v/minishell/minishell)
==3473516==    by 0x4013F2: minishell_loop (in /sgoinfre/students/dbarba-v/minishell/minishell)
==3473516==    by 0x4013C6: main (in /sgoinfre/students/dbarba-v/minishell/minishell)
==3473516== 
==3473516== 8,224 bytes in 2 blocks are still reachable in loss record 77 of 80
==3473516==    at 0x4848899: malloc (in /usr/libexec/valgrind/vgpreload_memcheck-amd64-linux.so)
==3473516==    by 0x48ADBAC: xmalloc (in /usr/lib/x86_64-linux-gnu/libreadline.so.8.1)
==3473516==    by 0x488A251: rl_make_bare_keymap (in /usr/lib/x86_64-linux-gnu/libreadline.so.8.1)
==3473516==    by 0x488AB6A: rl_generic_bind (in /usr/lib/x86_64-linux-gnu/libreadline.so.8.1)
==3473516==    by 0x489575D: rl_bind_keyseq_if_unbound_in_map (in /usr/lib/x86_64-linux-gnu/libreadline.so.8.1)
==3473516==    by 0x4895AE1: rl_initialize (in /usr/lib/x86_64-linux-gnu/libreadline.so.8.1)
==3473516==    by 0x4895CD4: readline (in /usr/lib/x86_64-linux-gnu/libreadline.so.8.1)
==3473516==    by 0x4019E1: get_prompt_input (in /sgoinfre/students/dbarba-v/minishell/minishell)
==3473516==    by 0x4013F2: minishell_loop (in /sgoinfre/students/dbarba-v/minishell/minishell)
==3473516==    by 0x4013C6: main (in /sgoinfre/students/dbarba-v/minishell/minishell)
==3473516== 
==3473516== 12,336 bytes in 3 blocks are still reachable in loss record 78 of 80
==3473516==    at 0x4848899: malloc (in /usr/libexec/valgrind/vgpreload_memcheck-amd64-linux.so)
==3473516==    by 0x48ADBAC: xmalloc (in /usr/lib/x86_64-linux-gnu/libreadline.so.8.1)
==3473516==    by 0x488A251: rl_make_bare_keymap (in /usr/lib/x86_64-linux-gnu/libreadline.so.8.1)
==3473516==    by 0x488AB6A: rl_generic_bind (in /usr/lib/x86_64-linux-gnu/libreadline.so.8.1)
==3473516==    by 0x489575D: rl_bind_keyseq_if_unbound_in_map (in /usr/lib/x86_64-linux-gnu/libreadline.so.8.1)
==3473516==    by 0x4895914: ??? (in /usr/lib/x86_64-linux-gnu/libreadline.so.8.1)
==3473516==    by 0x4895A93: rl_initialize (in /usr/lib/x86_64-linux-gnu/libreadline.so.8.1)
==3473516==    by 0x4895CD4: readline (in /usr/lib/x86_64-linux-gnu/libreadline.so.8.1)
==3473516==    by 0x4019E1: get_prompt_input (in /sgoinfre/students/dbarba-v/minishell/minishell)
==3473516==    by 0x4013F2: minishell_loop (in /sgoinfre/students/dbarba-v/minishell/minishell)
==3473516==    by 0x4013C6: main (in /sgoinfre/students/dbarba-v/minishell/minishell)
==3473516== 
==3473516== 12,336 bytes in 3 blocks are still reachable in loss record 79 of 80
==3473516==    at 0x4848899: malloc (in /usr/libexec/valgrind/vgpreload_memcheck-amd64-linux.so)
==3473516==    by 0x48ADBAC: xmalloc (in /usr/lib/x86_64-linux-gnu/libreadline.so.8.1)
==3473516==    by 0x488A251: rl_make_bare_keymap (in /usr/lib/x86_64-linux-gnu/libreadline.so.8.1)
==3473516==    by 0x488AB6A: rl_generic_bind (in /usr/lib/x86_64-linux-gnu/libreadline.so.8.1)
==3473516==    by 0x489575D: rl_bind_keyseq_if_unbound_in_map (in /usr/lib/x86_64-linux-gnu/libreadline.so.8.1)
==3473516==    by 0x4895914: ??? (in /usr/lib/x86_64-linux-gnu/libreadline.so.8.1)
==3473516==    by 0x4895AB8: rl_initialize (in /usr/lib/x86_64-linux-gnu/libreadline.so.8.1)
==3473516==    by 0x4895CD4: readline (in /usr/lib/x86_64-linux-gnu/libreadline.so.8.1)
==3473516==    by 0x4019E1: get_prompt_input (in /sgoinfre/students/dbarba-v/minishell/minishell)
==3473516==    by 0x4013F2: minishell_loop (in /sgoinfre/students/dbarba-v/minishell/minishell)
==3473516==    by 0x4013C6: main (in /sgoinfre/students/dbarba-v/minishell/minishell)
==3473516== 
==3473516== 28,784 bytes in 7 blocks are still reachable in loss record 80 of 80
==3473516==    at 0x4848899: malloc (in /usr/libexec/valgrind/vgpreload_memcheck-amd64-linux.so)
==3473516==    by 0x48ADBAC: xmalloc (in /usr/lib/x86_64-linux-gnu/libreadline.so.8.1)
==3473516==    by 0x488A251: rl_make_bare_keymap (in /usr/lib/x86_64-linux-gnu/libreadline.so.8.1)
==3473516==    by 0x488AB6A: rl_generic_bind (in /usr/lib/x86_64-linux-gnu/libreadline.so.8.1)
==3473516==    by 0x489B99E: rl_parse_and_bind (in /usr/lib/x86_64-linux-gnu/libreadline.so.8.1)
==3473516==    by 0x489BB6C: ??? (in /usr/lib/x86_64-linux-gnu/libreadline.so.8.1)
==3473516==    by 0x4895A38: rl_initialize (in /usr/lib/x86_64-linux-gnu/libreadline.so.8.1)
==3473516==    by 0x4895CD4: readline (in /usr/lib/x86_64-linux-gnu/libreadline.so.8.1)
==3473516==    by 0x4019E1: get_prompt_input (in /sgoinfre/students/dbarba-v/minishell/minishell)
==3473516==    by 0x4013F2: minishell_loop (in /sgoinfre/students/dbarba-v/minishell/minishell)
==3473516==    by 0x4013C6: main (in /sgoinfre/students/dbarba-v/minishell/minishell)
==3473516== 
==3473515== FILE DESCRIPTORS: 13 open (3 std) at exit.
==3473515== Open file descriptor 103: /usr/share/code/v8_context_snapshot.bin
==3473515==    <inherited from parent>
==3473515== 
==3473515== Open file descriptor 45: /dev/ptmx
==3473515==    <inherited from parent>
==3473515== 
==3473515== Open file descriptor 44: /dev/ptmx
==3473515==    <inherited from parent>
==3473515== 
==3473515== Open file descriptor 43: /dev/ptmx
==3473515==    <inherited from parent>
==3473515== 
==3473515== Open file descriptor 42: /dev/ptmx
==3473515==    <inherited from parent>
==3473515== 
==3473515== Open file descriptor 40: /dev/ptmx
==3473515==    <inherited from parent>
==3473515== 
==3473515== Open file descriptor 39: /usr/share/code/resources/app/node_modules.asar
==3473515==    <inherited from parent>
==3473515== 
==3473515== Open AF_UNIX socket 38: <unknown>
==3473515==    <inherited from parent>
==3473515== 
==3473515== Open file descriptor 37: /home/dbarba-v/.config/Code/logs/20250808T093455/ptyhost.log
==3473515==    <inherited from parent>
==3473515== 
==3473515== Open file descriptor 3: /sgoinfre/students/dbarba-v/minishell/vglogs/nonexistent_cmd.log
==3473515==    <inherited from parent>
==3473515== 
==3473515== 
==3473515== 8 bytes in 1 blocks are still reachable in loss record 1 of 69
==3473515==    at 0x4848899: malloc (in /usr/libexec/valgrind/vgpreload_memcheck-amd64-linux.so)
==3473515==    by 0x497058E: strdup (strdup.c:42)
==3473515==    by 0x4B0ED17: _nc_trim_sgr0 (in /usr/lib/x86_64-linux-gnu/libtinfo.so.6.3)
==3473515==    by 0x4B0D6A8: tgetent_sp (in /usr/lib/x86_64-linux-gnu/libtinfo.so.6.3)
==3473515==    by 0x48A91CD: _rl_init_terminal_io (in /usr/lib/x86_64-linux-gnu/libreadline.so.8.1)
==3473515==    by 0x4895A0F: rl_initialize (in /usr/lib/x86_64-linux-gnu/libreadline.so.8.1)
==3473515==    by 0x4895CD4: readline (in /usr/lib/x86_64-linux-gnu/libreadline.so.8.1)
==3473515==    by 0x4019E1: get_prompt_input (in /sgoinfre/students/dbarba-v/minishell/minishell)
==3473515==    by 0x4013F2: minishell_loop (in /sgoinfre/students/dbarba-v/minishell/minishell)
==3473515==    by 0x4013C6: main (in /sgoinfre/students/dbarba-v/minishell/minishell)
==3473515== 
==3473515== 8 bytes in 1 blocks are still reachable in loss record 2 of 69
==3473515==    at 0x484DCD3: realloc (in /usr/libexec/valgrind/vgpreload_memcheck-amd64-linux.so)
==3473515==    by 0x48AE491: xrealloc (in /usr/lib/x86_64-linux-gnu/libreadline.so.8.1)
==3473515==    by 0x489A626: ??? (in /usr/lib/x86_64-linux-gnu/libreadline.so.8.1)
==3473515==    by 0x489AE0D: rl_expand_prompt (in /usr/lib/x86_64-linux-gnu/libreadline.so.8.1)
==3473515==    by 0x488A1BF: rl_set_prompt (in /usr/lib/x86_64-linux-gnu/libreadline.so.8.1)
==3473515==    by 0x4895CCF: readline (in /usr/lib/x86_64-linux-gnu/libreadline.so.8.1)
==3473515==    by 0x4019E1: get_prompt_input (in /sgoinfre/students/dbarba-v/minishell/minishell)
==3473515==    by 0x4013F2: minishell_loop (in /sgoinfre/students/dbarba-v/minishell/minishell)
==3473515==    by 0x4013C6: main (in /sgoinfre/students/dbarba-v/minishell/minishell)
==3473515== 
==3473515== 9 bytes in 1 blocks are still reachable in loss record 3 of 69
==3473515==    at 0x4848899: malloc (in /usr/libexec/valgrind/vgpreload_memcheck-amd64-linux.so)
==3473515==    by 0x408797: ft_calloc (in /sgoinfre/students/dbarba-v/minishell/minishell)
==3473515==    by 0x40693F: ft_pipex (in /sgoinfre/students/dbarba-v/minishell/minishell)
==3473515==    by 0x405391: execution (in /sgoinfre/students/dbarba-v/minishell/minishell)
==3473515==    by 0x40144C: minishell_loop (in /sgoinfre/students/dbarba-v/minishell/minishell)
==3473515==    by 0x4013C6: main (in /sgoinfre/students/dbarba-v/minishell/minishell)
==3473515== 
==3473515== 9 bytes in 1 blocks are definitely lost in loss record 4 of 69
==3473515==    at 0x4848899: malloc (in /usr/libexec/valgrind/vgpreload_memcheck-amd64-linux.so)
==3473515==    by 0x408797: ft_calloc (in /sgoinfre/students/dbarba-v/minishell/minishell)
==3473515==    by 0x40693F: ft_pipex (in /sgoinfre/students/dbarba-v/minishell/minishell)
==3473515==    by 0x405391: execution (in /sgoinfre/students/dbarba-v/minishell/minishell)
==3473515==    by 0x40144C: minishell_loop (in /sgoinfre/students/dbarba-v/minishell/minishell)
==3473515==    by 0x4013C6: main (in /sgoinfre/students/dbarba-v/minishell/minishell)
==3473515== 
==3473515== 13 bytes in 1 blocks are still reachable in loss record 5 of 69
==3473515==    at 0x4848899: malloc (in /usr/libexec/valgrind/vgpreload_memcheck-amd64-linux.so)
==3473515==    by 0x48ADBAC: xmalloc (in /usr/lib/x86_64-linux-gnu/libreadline.so.8.1)
==3473515==    by 0x489BBF5: ??? (in /usr/lib/x86_64-linux-gnu/libreadline.so.8.1)
==3473515==    by 0x4895A38: rl_initialize (in /usr/lib/x86_64-linux-gnu/libreadline.so.8.1)
==3473515==    by 0x4895CD4: readline (in /usr/lib/x86_64-linux-gnu/libreadline.so.8.1)
==3473515==    by 0x4019E1: get_prompt_input (in /sgoinfre/students/dbarba-v/minishell/minishell)
==3473515==    by 0x4013F2: minishell_loop (in /sgoinfre/students/dbarba-v/minishell/minishell)
==3473515==    by 0x4013C6: main (in /sgoinfre/students/dbarba-v/minishell/minishell)
==3473515== 
==3473515== 14 bytes in 1 blocks are still reachable in loss record 6 of 69
==3473515==    at 0x484DCD3: realloc (in /usr/libexec/valgrind/vgpreload_memcheck-amd64-linux.so)
==3473515==    by 0x4B016CC: _nc_doalloc (in /usr/lib/x86_64-linux-gnu/libtinfo.so.6.3)
==3473515==    by 0x4B08272: _nc_tiparm (in /usr/lib/x86_64-linux-gnu/libtinfo.so.6.3)
==3473515==    by 0x4B0EC7D: ??? (in /usr/lib/x86_64-linux-gnu/libtinfo.so.6.3)
==3473515==    by 0x4B0ED09: _nc_trim_sgr0 (in /usr/lib/x86_64-linux-gnu/libtinfo.so.6.3)
==3473515==    by 0x4B0D6A8: tgetent_sp (in /usr/lib/x86_64-linux-gnu/libtinfo.so.6.3)
==3473515==    by 0x48A91CD: _rl_init_terminal_io (in /usr/lib/x86_64-linux-gnu/libreadline.so.8.1)
==3473515==    by 0x4895A0F: rl_initialize (in /usr/lib/x86_64-linux-gnu/libreadline.so.8.1)
==3473515==    by 0x4895CD4: readline (in /usr/lib/x86_64-linux-gnu/libreadline.so.8.1)
==3473515==    by 0x4019E1: get_prompt_input (in /sgoinfre/students/dbarba-v/minishell/minishell)
==3473515==    by 0x4013F2: minishell_loop (in /sgoinfre/students/dbarba-v/minishell/minishell)
==3473515==    by 0x4013C6: main (in /sgoinfre/students/dbarba-v/minishell/minishell)
==3473515== 
==3473515== 15 bytes in 1 blocks are still reachable in loss record 7 of 69
==3473515==    at 0x4848899: malloc (in /usr/libexec/valgrind/vgpreload_memcheck-amd64-linux.so)
==3473515==    by 0x497058E: strdup (strdup.c:42)
==3473515==    by 0x4B00377: ??? (in /usr/lib/x86_64-linux-gnu/libtinfo.so.6.3)
==3473515==    by 0x4B02BF8: _nc_first_db (in /usr/lib/x86_64-linux-gnu/libtinfo.so.6.3)
==3473515==    by 0x4B0C696: _nc_read_entry2 (in /usr/lib/x86_64-linux-gnu/libtinfo.so.6.3)
==3473515==    by 0x4B0C711: ??? (in /usr/lib/x86_64-linux-gnu/libtinfo.so.6.3)
==3473515==    by 0x4B0C866: _nc_setupterm (in /usr/lib/x86_64-linux-gnu/libtinfo.so.6.3)
==3473515==    by 0x4B0D4C9: tgetent_sp (in /usr/lib/x86_64-linux-gnu/libtinfo.so.6.3)
==3473515==    by 0x48A91CD: _rl_init_terminal_io (in /usr/lib/x86_64-linux-gnu/libreadline.so.8.1)
==3473515==    by 0x4895A0F: rl_initialize (in /usr/lib/x86_64-linux-gnu/libreadline.so.8.1)
==3473515==    by 0x4895CD4: readline (in /usr/lib/x86_64-linux-gnu/libreadline.so.8.1)
==3473515==    by 0x4019E1: get_prompt_input (in /sgoinfre/students/dbarba-v/minishell/minishell)
==3473515== 
==3473515== 15 bytes in 1 blocks are still reachable in loss record 8 of 69
==3473515==    at 0x4848899: malloc (in /usr/libexec/valgrind/vgpreload_memcheck-amd64-linux.so)
==3473515==    by 0x497058E: strdup (strdup.c:42)
==3473515==    by 0x4B0C8AE: _nc_setupterm (in /usr/lib/x86_64-linux-gnu/libtinfo.so.6.3)
==3473515==    by 0x4B0D4C9: tgetent_sp (in /usr/lib/x86_64-linux-gnu/libtinfo.so.6.3)
==3473515==    by 0x48A91CD: _rl_init_terminal_io (in /usr/lib/x86_64-linux-gnu/libreadline.so.8.1)
==3473515==    by 0x4895A0F: rl_initialize (in /usr/lib/x86_64-linux-gnu/libreadline.so.8.1)
==3473515==    by 0x4895CD4: readline (in /usr/lib/x86_64-linux-gnu/libreadline.so.8.1)
==3473515==    by 0x4019E1: get_prompt_input (in /sgoinfre/students/dbarba-v/minishell/minishell)
==3473515==    by 0x4013F2: minishell_loop (in /sgoinfre/students/dbarba-v/minishell/minishell)
==3473515==    by 0x4013C6: main (in /sgoinfre/students/dbarba-v/minishell/minishell)
==3473515== 
==3473515== 16 bytes in 1 blocks are still reachable in loss record 9 of 69
==3473515==    at 0x4848899: malloc (in /usr/libexec/valgrind/vgpreload_memcheck-amd64-linux.so)
==3473515==    by 0x4895B26: rl_initialize (in /usr/lib/x86_64-linux-gnu/libreadline.so.8.1)
==3473515==    by 0x4895CD4: readline (in /usr/lib/x86_64-linux-gnu/libreadline.so.8.1)
==3473515==    by 0x4019E1: get_prompt_input (in /sgoinfre/students/dbarba-v/minishell/minishell)
==3473515==    by 0x4013F2: minishell_loop (in /sgoinfre/students/dbarba-v/minishell/minishell)
==3473515==    by 0x4013C6: main (in /sgoinfre/students/dbarba-v/minishell/minishell)
==3473515== 
==3473515== 20 bytes in 1 blocks are still reachable in loss record 10 of 69
==3473515==    at 0x4848899: malloc (in /usr/libexec/valgrind/vgpreload_memcheck-amd64-linux.so)
==3473515==    by 0x48ADBAC: xmalloc (in /usr/lib/x86_64-linux-gnu/libreadline.so.8.1)
==3473515==    by 0x4898D8B: ??? (in /usr/lib/x86_64-linux-gnu/libreadline.so.8.1)
==3473515==    by 0x489B6C9: rl_parse_and_bind (in /usr/lib/x86_64-linux-gnu/libreadline.so.8.1)
==3473515==    by 0x489BB6C: ??? (in /usr/lib/x86_64-linux-gnu/libreadline.so.8.1)
==3473515==    by 0x4895A38: rl_initialize (in /usr/lib/x86_64-linux-gnu/libreadline.so.8.1)
==3473515==    by 0x4895CD4: readline (in /usr/lib/x86_64-linux-gnu/libreadline.so.8.1)
==3473515==    by 0x4019E1: get_prompt_input (in /sgoinfre/students/dbarba-v/minishell/minishell)
==3473515==    by 0x4013F2: minishell_loop (in /sgoinfre/students/dbarba-v/minishell/minishell)
==3473515==    by 0x4013C6: main (in /sgoinfre/students/dbarba-v/minishell/minishell)
==3473515== 
==3473515== 24 bytes in 1 blocks are still reachable in loss record 11 of 69
==3473515==    at 0x4848899: malloc (in /usr/libexec/valgrind/vgpreload_memcheck-amd64-linux.so)
==3473515==    by 0x49E7F34: tsearch (tsearch.c:337)
==3473515==    by 0x4B04D6E: ??? (in /usr/lib/x86_64-linux-gnu/libtinfo.so.6.3)
==3473515==    by 0x4B08098: _nc_tiparm (in /usr/lib/x86_64-linux-gnu/libtinfo.so.6.3)
==3473515==    by 0x4B0EC7D: ??? (in /usr/lib/x86_64-linux-gnu/libtinfo.so.6.3)
==3473515==    by 0x4B0ED09: _nc_trim_sgr0 (in /usr/lib/x86_64-linux-gnu/libtinfo.so.6.3)
==3473515==    by 0x4B0D6A8: tgetent_sp (in /usr/lib/x86_64-linux-gnu/libtinfo.so.6.3)
==3473515==    by 0x48A91CD: _rl_init_terminal_io (in /usr/lib/x86_64-linux-gnu/libreadline.so.8.1)
==3473515==    by 0x4895A0F: rl_initialize (in /usr/lib/x86_64-linux-gnu/libreadline.so.8.1)
==3473515==    by 0x4895CD4: readline (in /usr/lib/x86_64-linux-gnu/libreadline.so.8.1)
==3473515==    by 0x4019E1: get_prompt_input (in /sgoinfre/students/dbarba-v/minishell/minishell)
==3473515==    by 0x4013F2: minishell_loop (in /sgoinfre/students/dbarba-v/minishell/minishell)
==3473515== 
==3473515== 27 bytes in 1 blocks are still reachable in loss record 12 of 69
==3473515==    at 0x4848899: malloc (in /usr/libexec/valgrind/vgpreload_memcheck-amd64-linux.so)
==3473515==    by 0x4B02624: _nc_home_terminfo (in /usr/lib/x86_64-linux-gnu/libtinfo.so.6.3)
==3473515==    by 0x4B02BE2: _nc_first_db (in /usr/lib/x86_64-linux-gnu/libtinfo.so.6.3)
==3473515==    by 0x4B0C696: _nc_read_entry2 (in /usr/lib/x86_64-linux-gnu/libtinfo.so.6.3)
==3473515==    by 0x4B0C711: ??? (in /usr/lib/x86_64-linux-gnu/libtinfo.so.6.3)
==3473515==    by 0x4B0C866: _nc_setupterm (in /usr/lib/x86_64-linux-gnu/libtinfo.so.6.3)
==3473515==    by 0x4B0D4C9: tgetent_sp (in /usr/lib/x86_64-linux-gnu/libtinfo.so.6.3)
==3473515==    by 0x48A91CD: _rl_init_terminal_io (in /usr/lib/x86_64-linux-gnu/libreadline.so.8.1)
==3473515==    by 0x4895A0F: rl_initialize (in /usr/lib/x86_64-linux-gnu/libreadline.so.8.1)
==3473515==    by 0x4895CD4: readline (in /usr/lib/x86_64-linux-gnu/libreadline.so.8.1)
==3473515==    by 0x4019E1: get_prompt_input (in /sgoinfre/students/dbarba-v/minishell/minishell)
==3473515==    by 0x4013F2: minishell_loop (in /sgoinfre/students/dbarba-v/minishell/minishell)
==3473515== 
==3473515== 46 bytes in 1 blocks are still reachable in loss record 13 of 69
==3473515==    at 0x484DCD3: realloc (in /usr/libexec/valgrind/vgpreload_memcheck-amd64-linux.so)
==3473515==    by 0x4B016CC: _nc_doalloc (in /usr/lib/x86_64-linux-gnu/libtinfo.so.6.3)
==3473515==    by 0x4B0C16F: _nc_read_termtype (in /usr/lib/x86_64-linux-gnu/libtinfo.so.6.3)
==3473515==    by 0x4B0C52A: ??? (in /usr/lib/x86_64-linux-gnu/libtinfo.so.6.3)
==3473515==    by 0x4B0EC40: ??? (in /usr/lib/x86_64-linux-gnu/libtinfo.so.6.3)
==3473515==    by 0x4B0C6BB: _nc_read_entry2 (in /usr/lib/x86_64-linux-gnu/libtinfo.so.6.3)
==3473515==    by 0x4B0C711: ??? (in /usr/lib/x86_64-linux-gnu/libtinfo.so.6.3)
==3473515==    by 0x4B0C866: _nc_setupterm (in /usr/lib/x86_64-linux-gnu/libtinfo.so.6.3)
==3473515==    by 0x4B0D4C9: tgetent_sp (in /usr/lib/x86_64-linux-gnu/libtinfo.so.6.3)
==3473515==    by 0x48A91CD: _rl_init_terminal_io (in /usr/lib/x86_64-linux-gnu/libreadline.so.8.1)
==3473515==    by 0x4895A0F: rl_initialize (in /usr/lib/x86_64-linux-gnu/libreadline.so.8.1)
==3473515==    by 0x4895CD4: readline (in /usr/lib/x86_64-linux-gnu/libreadline.so.8.1)
==3473515== 
==3473515== 46 bytes in 1 blocks are still reachable in loss record 14 of 69
==3473515==    at 0x4848899: malloc (in /usr/libexec/valgrind/vgpreload_memcheck-amd64-linux.so)
==3473515==    by 0x4B00FDE: ??? (in /usr/lib/x86_64-linux-gnu/libtinfo.so.6.3)
==3473515==    by 0x4B0C87D: _nc_setupterm (in /usr/lib/x86_64-linux-gnu/libtinfo.so.6.3)
==3473515==    by 0x4B0D4C9: tgetent_sp (in /usr/lib/x86_64-linux-gnu/libtinfo.so.6.3)
==3473515==    by 0x48A91CD: _rl_init_terminal_io (in /usr/lib/x86_64-linux-gnu/libreadline.so.8.1)
==3473515==    by 0x4895A0F: rl_initialize (in /usr/lib/x86_64-linux-gnu/libreadline.so.8.1)
==3473515==    by 0x4895CD4: readline (in /usr/lib/x86_64-linux-gnu/libreadline.so.8.1)
==3473515==    by 0x4019E1: get_prompt_input (in /sgoinfre/students/dbarba-v/minishell/minishell)
==3473515==    by 0x4013F2: minishell_loop (in /sgoinfre/students/dbarba-v/minishell/minishell)
==3473515==    by 0x4013C6: main (in /sgoinfre/students/dbarba-v/minishell/minishell)
==3473515== 
==3473515== 48 bytes in 1 blocks are still reachable in loss record 15 of 69
==3473515==    at 0x484DA83: calloc (in /usr/libexec/valgrind/vgpreload_memcheck-amd64-linux.so)
==3473515==    by 0x4B02833: _nc_first_db (in /usr/lib/x86_64-linux-gnu/libtinfo.so.6.3)
==3473515==    by 0x4B0C696: _nc_read_entry2 (in /usr/lib/x86_64-linux-gnu/libtinfo.so.6.3)
==3473515==    by 0x4B0C711: ??? (in /usr/lib/x86_64-linux-gnu/libtinfo.so.6.3)
==3473515==    by 0x4B0C866: _nc_setupterm (in /usr/lib/x86_64-linux-gnu/libtinfo.so.6.3)
==3473515==    by 0x4B0D4C9: tgetent_sp (in /usr/lib/x86_64-linux-gnu/libtinfo.so.6.3)
==3473515==    by 0x48A91CD: _rl_init_terminal_io (in /usr/lib/x86_64-linux-gnu/libreadline.so.8.1)
==3473515==    by 0x4895A0F: rl_initialize (in /usr/lib/x86_64-linux-gnu/libreadline.so.8.1)
==3473515==    by 0x4895CD4: readline (in /usr/lib/x86_64-linux-gnu/libreadline.so.8.1)
==3473515==    by 0x4019E1: get_prompt_input (in /sgoinfre/students/dbarba-v/minishell/minishell)
==3473515==    by 0x4013F2: minishell_loop (in /sgoinfre/students/dbarba-v/minishell/minishell)
==3473515==    by 0x4013C6: main (in /sgoinfre/students/dbarba-v/minishell/minishell)
==3473515== 
==3473515== 77 bytes in 1 blocks are still reachable in loss record 16 of 69
==3473515==    at 0x4848899: malloc (in /usr/libexec/valgrind/vgpreload_memcheck-amd64-linux.so)
==3473515==    by 0x48ADBAC: xmalloc (in /usr/lib/x86_64-linux-gnu/libreadline.so.8.1)
==3473515==    by 0x488A1E3: rl_set_prompt (in /usr/lib/x86_64-linux-gnu/libreadline.so.8.1)
==3473515==    by 0x4895CCF: readline (in /usr/lib/x86_64-linux-gnu/libreadline.so.8.1)
==3473515==    by 0x4019E1: get_prompt_input (in /sgoinfre/students/dbarba-v/minishell/minishell)
==3473515==    by 0x4013F2: minishell_loop (in /sgoinfre/students/dbarba-v/minishell/minishell)
==3473515==    by 0x4013C6: main (in /sgoinfre/students/dbarba-v/minishell/minishell)
==3473515== 
==3473515== 77 bytes in 1 blocks are still reachable in loss record 17 of 69
==3473515==    at 0x4848899: malloc (in /usr/libexec/valgrind/vgpreload_memcheck-amd64-linux.so)
==3473515==    by 0x48ADBAC: xmalloc (in /usr/lib/x86_64-linux-gnu/libreadline.so.8.1)
==3473515==    by 0x489A5F2: ??? (in /usr/lib/x86_64-linux-gnu/libreadline.so.8.1)
==3473515==    by 0x489AE0D: rl_expand_prompt (in /usr/lib/x86_64-linux-gnu/libreadline.so.8.1)
==3473515==    by 0x488A1BF: rl_set_prompt (in /usr/lib/x86_64-linux-gnu/libreadline.so.8.1)
==3473515==    by 0x4895CCF: readline (in /usr/lib/x86_64-linux-gnu/libreadline.so.8.1)
==3473515==    by 0x4019E1: get_prompt_input (in /sgoinfre/students/dbarba-v/minishell/minishell)
==3473515==    by 0x4013F2: minishell_loop (in /sgoinfre/students/dbarba-v/minishell/minishell)
==3473515==    by 0x4013C6: main (in /sgoinfre/students/dbarba-v/minishell/minishell)
==3473515== 
==3473515== 78 bytes in 1 blocks are still reachable in loss record 18 of 69
==3473515==    at 0x4848899: malloc (in /usr/libexec/valgrind/vgpreload_memcheck-amd64-linux.so)
==3473515==    by 0x4B0104B: ??? (in /usr/lib/x86_64-linux-gnu/libtinfo.so.6.3)
==3473515==    by 0x4B0C87D: _nc_setupterm (in /usr/lib/x86_64-linux-gnu/libtinfo.so.6.3)
==3473515==    by 0x4B0D4C9: tgetent_sp (in /usr/lib/x86_64-linux-gnu/libtinfo.so.6.3)
==3473515==    by 0x48A91CD: _rl_init_terminal_io (in /usr/lib/x86_64-linux-gnu/libreadline.so.8.1)
==3473515==    by 0x4895A0F: rl_initialize (in /usr/lib/x86_64-linux-gnu/libreadline.so.8.1)
==3473515==    by 0x4895CD4: readline (in /usr/lib/x86_64-linux-gnu/libreadline.so.8.1)
==3473515==    by 0x4019E1: get_prompt_input (in /sgoinfre/students/dbarba-v/minishell/minishell)
==3473515==    by 0x4013F2: minishell_loop (in /sgoinfre/students/dbarba-v/minishell/minishell)
==3473515==    by 0x4013C6: main (in /sgoinfre/students/dbarba-v/minishell/minishell)
==3473515== 
==3473515== 93 bytes in 1 blocks are still reachable in loss record 19 of 69
==3473515==    at 0x4848899: malloc (in /usr/libexec/valgrind/vgpreload_memcheck-amd64-linux.so)
==3473515==    by 0x497058E: strdup (strdup.c:42)
==3473515==    by 0x4B04D54: ??? (in /usr/lib/x86_64-linux-gnu/libtinfo.so.6.3)
==3473515==    by 0x4B08098: _nc_tiparm (in /usr/lib/x86_64-linux-gnu/libtinfo.so.6.3)
==3473515==    by 0x4B0EC7D: ??? (in /usr/lib/x86_64-linux-gnu/libtinfo.so.6.3)
==3473515==    by 0x4B0ED09: _nc_trim_sgr0 (in /usr/lib/x86_64-linux-gnu/libtinfo.so.6.3)
==3473515==    by 0x4B0D6A8: tgetent_sp (in /usr/lib/x86_64-linux-gnu/libtinfo.so.6.3)
==3473515==    by 0x48A91CD: _rl_init_terminal_io (in /usr/lib/x86_64-linux-gnu/libreadline.so.8.1)
==3473515==    by 0x4895A0F: rl_initialize (in /usr/lib/x86_64-linux-gnu/libreadline.so.8.1)
==3473515==    by 0x4895CD4: readline (in /usr/lib/x86_64-linux-gnu/libreadline.so.8.1)
==3473515==    by 0x4019E1: get_prompt_input (in /sgoinfre/students/dbarba-v/minishell/minishell)
==3473515==    by 0x4013F2: minishell_loop (in /sgoinfre/students/dbarba-v/minishell/minishell)
==3473515== 
==3473515== 94 bytes in 1 blocks are still reachable in loss record 20 of 69
==3473515==    at 0x4848899: malloc (in /usr/libexec/valgrind/vgpreload_memcheck-amd64-linux.so)
==3473515==    by 0x4B0495B: _nc_tparm_analyze (in /usr/lib/x86_64-linux-gnu/libtinfo.so.6.3)
==3473515==    by 0x4B04C62: ??? (in /usr/lib/x86_64-linux-gnu/libtinfo.so.6.3)
==3473515==    by 0x4B08098: _nc_tiparm (in /usr/lib/x86_64-linux-gnu/libtinfo.so.6.3)
==3473515==    by 0x4B0EC7D: ??? (in /usr/lib/x86_64-linux-gnu/libtinfo.so.6.3)
==3473515==    by 0x4B0ED09: _nc_trim_sgr0 (in /usr/lib/x86_64-linux-gnu/libtinfo.so.6.3)
==3473515==    by 0x4B0D6A8: tgetent_sp (in /usr/lib/x86_64-linux-gnu/libtinfo.so.6.3)
==3473515==    by 0x48A91CD: _rl_init_terminal_io (in /usr/lib/x86_64-linux-gnu/libreadline.so.8.1)
==3473515==    by 0x4895A0F: rl_initialize (in /usr/lib/x86_64-linux-gnu/libreadline.so.8.1)
==3473515==    by 0x4895CD4: readline (in /usr/lib/x86_64-linux-gnu/libreadline.so.8.1)
==3473515==    by 0x4019E1: get_prompt_input (in /sgoinfre/students/dbarba-v/minishell/minishell)
==3473515==    by 0x4013F2: minishell_loop (in /sgoinfre/students/dbarba-v/minishell/minishell)
==3473515== 
==3473515== 96 bytes in 1 blocks are still reachable in loss record 21 of 69
==3473515==    at 0x4848899: malloc (in /usr/libexec/valgrind/vgpreload_memcheck-amd64-linux.so)
==3473515==    by 0x4B0279A: _nc_first_db (in /usr/lib/x86_64-linux-gnu/libtinfo.so.6.3)
==3473515==    by 0x4B0C696: _nc_read_entry2 (in /usr/lib/x86_64-linux-gnu/libtinfo.so.6.3)
==3473515==    by 0x4B0C711: ??? (in /usr/lib/x86_64-linux-gnu/libtinfo.so.6.3)
==3473515==    by 0x4B0C866: _nc_setupterm (in /usr/lib/x86_64-linux-gnu/libtinfo.so.6.3)
==3473515==    by 0x4B0D4C9: tgetent_sp (in /usr/lib/x86_64-linux-gnu/libtinfo.so.6.3)
==3473515==    by 0x48A91CD: _rl_init_terminal_io (in /usr/lib/x86_64-linux-gnu/libreadline.so.8.1)
==3473515==    by 0x4895A0F: rl_initialize (in /usr/lib/x86_64-linux-gnu/libreadline.so.8.1)
==3473515==    by 0x4895CD4: readline (in /usr/lib/x86_64-linux-gnu/libreadline.so.8.1)
==3473515==    by 0x4019E1: get_prompt_input (in /sgoinfre/students/dbarba-v/minishell/minishell)
==3473515==    by 0x4013F2: minishell_loop (in /sgoinfre/students/dbarba-v/minishell/minishell)
==3473515==    by 0x4013C6: main (in /sgoinfre/students/dbarba-v/minishell/minishell)
==3473515== 
==3473515== 156 bytes in 1 blocks are still reachable in loss record 22 of 69
==3473515==    at 0x484DCD3: realloc (in /usr/libexec/valgrind/vgpreload_memcheck-amd64-linux.so)
==3473515==    by 0x4B016CC: _nc_doalloc (in /usr/lib/x86_64-linux-gnu/libtinfo.so.6.3)
==3473515==    by 0x4B0C197: _nc_read_termtype (in /usr/lib/x86_64-linux-gnu/libtinfo.so.6.3)
==3473515==    by 0x4B0C52A: ??? (in /usr/lib/x86_64-linux-gnu/libtinfo.so.6.3)
==3473515==    by 0x4B0EC40: ??? (in /usr/lib/x86_64-linux-gnu/libtinfo.so.6.3)
==3473515==    by 0x4B0C6BB: _nc_read_entry2 (in /usr/lib/x86_64-linux-gnu/libtinfo.so.6.3)
==3473515==    by 0x4B0C711: ??? (in /usr/lib/x86_64-linux-gnu/libtinfo.so.6.3)
==3473515==    by 0x4B0C866: _nc_setupterm (in /usr/lib/x86_64-linux-gnu/libtinfo.so.6.3)
==3473515==    by 0x4B0D4C9: tgetent_sp (in /usr/lib/x86_64-linux-gnu/libtinfo.so.6.3)
==3473515==    by 0x48A91CD: _rl_init_terminal_io (in /usr/lib/x86_64-linux-gnu/libreadline.so.8.1)
==3473515==    by 0x4895A0F: rl_initialize (in /usr/lib/x86_64-linux-gnu/libreadline.so.8.1)
==3473515==    by 0x4895CD4: readline (in /usr/lib/x86_64-linux-gnu/libreadline.so.8.1)
==3473515== 
==3473515== 168 bytes in 1 blocks are still reachable in loss record 23 of 69
==3473515==    at 0x484DA83: calloc (in /usr/libexec/valgrind/vgpreload_memcheck-amd64-linux.so)
==3473515==    by 0x4B04CCD: ??? (in /usr/lib/x86_64-linux-gnu/libtinfo.so.6.3)
==3473515==    by 0x4B08098: _nc_tiparm (in /usr/lib/x86_64-linux-gnu/libtinfo.so.6.3)
==3473515==    by 0x4B0EC7D: ??? (in /usr/lib/x86_64-linux-gnu/libtinfo.so.6.3)
==3473515==    by 0x4B0ED09: _nc_trim_sgr0 (in /usr/lib/x86_64-linux-gnu/libtinfo.so.6.3)
==3473515==    by 0x4B0D6A8: tgetent_sp (in /usr/lib/x86_64-linux-gnu/libtinfo.so.6.3)
==3473515==    by 0x48A91CD: _rl_init_terminal_io (in /usr/lib/x86_64-linux-gnu/libreadline.so.8.1)
==3473515==    by 0x4895A0F: rl_initialize (in /usr/lib/x86_64-linux-gnu/libreadline.so.8.1)
==3473515==    by 0x4895CD4: readline (in /usr/lib/x86_64-linux-gnu/libreadline.so.8.1)
==3473515==    by 0x4019E1: get_prompt_input (in /sgoinfre/students/dbarba-v/minishell/minishell)
==3473515==    by 0x4013F2: minishell_loop (in /sgoinfre/students/dbarba-v/minishell/minishell)
==3473515==    by 0x4013C6: main (in /sgoinfre/students/dbarba-v/minishell/minishell)
==3473515== 
==3473515== 256 bytes in 1 blocks are still reachable in loss record 24 of 69
==3473515==    at 0x4848899: malloc (in /usr/libexec/valgrind/vgpreload_memcheck-amd64-linux.so)
==3473515==    by 0x48ADBAC: xmalloc (in /usr/lib/x86_64-linux-gnu/libreadline.so.8.1)
==3473515==    by 0x4895C86: rl_initialize (in /usr/lib/x86_64-linux-gnu/libreadline.so.8.1)
==3473515==    by 0x4895CD4: readline (in /usr/lib/x86_64-linux-gnu/libreadline.so.8.1)
==3473515==    by 0x4019E1: get_prompt_input (in /sgoinfre/students/dbarba-v/minishell/minishell)
==3473515==    by 0x4013F2: minishell_loop (in /sgoinfre/students/dbarba-v/minishell/minishell)
==3473515==    by 0x4013C6: main (in /sgoinfre/students/dbarba-v/minishell/minishell)
==3473515== 
==3473515== 560 bytes in 1 blocks are still reachable in loss record 25 of 69
==3473515==    at 0x4848899: malloc (in /usr/libexec/valgrind/vgpreload_memcheck-amd64-linux.so)
==3473515==    by 0x4060AD: ft_strdup_arr (in /sgoinfre/students/dbarba-v/minishell/minishell)
==3473515==    by 0x406911: ft_pipex (in /sgoinfre/students/dbarba-v/minishell/minishell)
==3473515==    by 0x405391: execution (in /sgoinfre/students/dbarba-v/minishell/minishell)
==3473515==    by 0x40144C: minishell_loop (in /sgoinfre/students/dbarba-v/minishell/minishell)
==3473515==    by 0x4013C6: main (in /sgoinfre/students/dbarba-v/minishell/minishell)
==3473515== 
==3473515== 608 bytes in 1 blocks are still reachable in loss record 26 of 69
==3473515==    at 0x484DA83: calloc (in /usr/libexec/valgrind/vgpreload_memcheck-amd64-linux.so)
==3473515==    by 0x4B0C37E: _nc_read_termtype (in /usr/lib/x86_64-linux-gnu/libtinfo.so.6.3)
==3473515==    by 0x4B0C52A: ??? (in /usr/lib/x86_64-linux-gnu/libtinfo.so.6.3)
==3473515==    by 0x4B0EC40: ??? (in /usr/lib/x86_64-linux-gnu/libtinfo.so.6.3)
==3473515==    by 0x4B0C6BB: _nc_read_entry2 (in /usr/lib/x86_64-linux-gnu/libtinfo.so.6.3)
==3473515==    by 0x4B0C711: ??? (in /usr/lib/x86_64-linux-gnu/libtinfo.so.6.3)
==3473515==    by 0x4B0C866: _nc_setupterm (in /usr/lib/x86_64-linux-gnu/libtinfo.so.6.3)
==3473515==    by 0x4B0D4C9: tgetent_sp (in /usr/lib/x86_64-linux-gnu/libtinfo.so.6.3)
==3473515==    by 0x48A91CD: _rl_init_terminal_io (in /usr/lib/x86_64-linux-gnu/libreadline.so.8.1)
==3473515==    by 0x4895A0F: rl_initialize (in /usr/lib/x86_64-linux-gnu/libreadline.so.8.1)
==3473515==    by 0x4895CD4: readline (in /usr/lib/x86_64-linux-gnu/libreadline.so.8.1)
==3473515==    by 0x4019E1: get_prompt_input (in /sgoinfre/students/dbarba-v/minishell/minishell)
==3473515== 
==3473515== 608 bytes in 1 blocks are still reachable in loss record 27 of 69
==3473515==    at 0x4848899: malloc (in /usr/libexec/valgrind/vgpreload_memcheck-amd64-linux.so)
==3473515==    by 0x4B01119: ??? (in /usr/lib/x86_64-linux-gnu/libtinfo.so.6.3)
==3473515==    by 0x4B0C87D: _nc_setupterm (in /usr/lib/x86_64-linux-gnu/libtinfo.so.6.3)
==3473515==    by 0x4B0D4C9: tgetent_sp (in /usr/lib/x86_64-linux-gnu/libtinfo.so.6.3)
==3473515==    by 0x48A91CD: _rl_init_terminal_io (in /usr/lib/x86_64-linux-gnu/libreadline.so.8.1)
==3473515==    by 0x4895A0F: rl_initialize (in /usr/lib/x86_64-linux-gnu/libreadline.so.8.1)
==3473515==    by 0x4895CD4: readline (in /usr/lib/x86_64-linux-gnu/libreadline.so.8.1)
==3473515==    by 0x4019E1: get_prompt_input (in /sgoinfre/students/dbarba-v/minishell/minishell)
==3473515==    by 0x4013F2: minishell_loop (in /sgoinfre/students/dbarba-v/minishell/minishell)
==3473515==    by 0x4013C6: main (in /sgoinfre/students/dbarba-v/minishell/minishell)
==3473515== 
==3473515== 760 bytes in 1 blocks are still reachable in loss record 28 of 69
==3473515==    at 0x484DA83: calloc (in /usr/libexec/valgrind/vgpreload_memcheck-amd64-linux.so)
==3473515==    by 0x4B0C819: _nc_setupterm (in /usr/lib/x86_64-linux-gnu/libtinfo.so.6.3)
==3473515==    by 0x4B0D4C9: tgetent_sp (in /usr/lib/x86_64-linux-gnu/libtinfo.so.6.3)
==3473515==    by 0x48A91CD: _rl_init_terminal_io (in /usr/lib/x86_64-linux-gnu/libreadline.so.8.1)
==3473515==    by 0x4895A0F: rl_initialize (in /usr/lib/x86_64-linux-gnu/libreadline.so.8.1)
==3473515==    by 0x4895CD4: readline (in /usr/lib/x86_64-linux-gnu/libreadline.so.8.1)
==3473515==    by 0x4019E1: get_prompt_input (in /sgoinfre/students/dbarba-v/minishell/minishell)
==3473515==    by 0x4013F2: minishell_loop (in /sgoinfre/students/dbarba-v/minishell/minishell)
==3473515==    by 0x4013C6: main (in /sgoinfre/students/dbarba-v/minishell/minishell)
==3473515== 
==3473515== 940 bytes in 1 blocks are still reachable in loss record 29 of 69
==3473515==    at 0x4848899: malloc (in /usr/libexec/valgrind/vgpreload_memcheck-amd64-linux.so)
==3473515==    by 0x4B0C287: _nc_read_termtype (in /usr/lib/x86_64-linux-gnu/libtinfo.so.6.3)
==3473515==    by 0x4B0C52A: ??? (in /usr/lib/x86_64-linux-gnu/libtinfo.so.6.3)
==3473515==    by 0x4B0EC40: ??? (in /usr/lib/x86_64-linux-gnu/libtinfo.so.6.3)
==3473515==    by 0x4B0C6BB: _nc_read_entry2 (in /usr/lib/x86_64-linux-gnu/libtinfo.so.6.3)
==3473515==    by 0x4B0C711: ??? (in /usr/lib/x86_64-linux-gnu/libtinfo.so.6.3)
==3473515==    by 0x4B0C866: _nc_setupterm (in /usr/lib/x86_64-linux-gnu/libtinfo.so.6.3)
==3473515==    by 0x4B0D4C9: tgetent_sp (in /usr/lib/x86_64-linux-gnu/libtinfo.so.6.3)
==3473515==    by 0x48A91CD: _rl_init_terminal_io (in /usr/lib/x86_64-linux-gnu/libreadline.so.8.1)
==3473515==    by 0x4895A0F: rl_initialize (in /usr/lib/x86_64-linux-gnu/libreadline.so.8.1)
==3473515==    by 0x4895CD4: readline (in /usr/lib/x86_64-linux-gnu/libreadline.so.8.1)
==3473515==    by 0x4019E1: get_prompt_input (in /sgoinfre/students/dbarba-v/minishell/minishell)
==3473515== 
==3473515== 1,024 bytes in 1 blocks are still reachable in loss record 30 of 69
==3473515==    at 0x4848899: malloc (in /usr/libexec/valgrind/vgpreload_memcheck-amd64-linux.so)
==3473515==    by 0x48AE4A7: xrealloc (in /usr/lib/x86_64-linux-gnu/libreadline.so.8.1)
==3473515==    by 0x4897C7B: ??? (in /usr/lib/x86_64-linux-gnu/libreadline.so.8.1)
==3473515==    by 0x4897D67: ??? (in /usr/lib/x86_64-linux-gnu/libreadline.so.8.1)
==3473515==    by 0x48A0C7E: rl_redisplay (in /usr/lib/x86_64-linux-gnu/libreadline.so.8.1)
==3473515==    by 0x488B458: readline_internal_setup (in /usr/lib/x86_64-linux-gnu/libreadline.so.8.1)
==3473515==    by 0x4895CF8: readline (in /usr/lib/x86_64-linux-gnu/libreadline.so.8.1)
==3473515==    by 0x4019E1: get_prompt_input (in /sgoinfre/students/dbarba-v/minishell/minishell)
==3473515==    by 0x4013F2: minishell_loop (in /sgoinfre/students/dbarba-v/minishell/minishell)
==3473515==    by 0x4013C6: main (in /sgoinfre/students/dbarba-v/minishell/minishell)
==3473515== 
==3473515== 1,024 bytes in 1 blocks are still reachable in loss record 31 of 69
==3473515==    at 0x4848899: malloc (in /usr/libexec/valgrind/vgpreload_memcheck-amd64-linux.so)
==3473515==    by 0x48AE4A7: xrealloc (in /usr/lib/x86_64-linux-gnu/libreadline.so.8.1)
==3473515==    by 0x4897C8B: ??? (in /usr/lib/x86_64-linux-gnu/libreadline.so.8.1)
==3473515==    by 0x4897D67: ??? (in /usr/lib/x86_64-linux-gnu/libreadline.so.8.1)
==3473515==    by 0x48A0C7E: rl_redisplay (in /usr/lib/x86_64-linux-gnu/libreadline.so.8.1)
==3473515==    by 0x488B458: readline_internal_setup (in /usr/lib/x86_64-linux-gnu/libreadline.so.8.1)
==3473515==    by 0x4895CF8: readline (in /usr/lib/x86_64-linux-gnu/libreadline.so.8.1)
==3473515==    by 0x4019E1: get_prompt_input (in /sgoinfre/students/dbarba-v/minishell/minishell)
==3473515==    by 0x4013F2: minishell_loop (in /sgoinfre/students/dbarba-v/minishell/minishell)
==3473515==    by 0x4013C6: main (in /sgoinfre/students/dbarba-v/minishell/minishell)
==3473515== 
==3473515== 1,024 bytes in 1 blocks are still reachable in loss record 32 of 69
==3473515==    at 0x4848899: malloc (in /usr/libexec/valgrind/vgpreload_memcheck-amd64-linux.so)
==3473515==    by 0x48AE4A7: xrealloc (in /usr/lib/x86_64-linux-gnu/libreadline.so.8.1)
==3473515==    by 0x4897CA2: ??? (in /usr/lib/x86_64-linux-gnu/libreadline.so.8.1)
==3473515==    by 0x4897D67: ??? (in /usr/lib/x86_64-linux-gnu/libreadline.so.8.1)
==3473515==    by 0x48A0C7E: rl_redisplay (in /usr/lib/x86_64-linux-gnu/libreadline.so.8.1)
==3473515==    by 0x488B458: readline_internal_setup (in /usr/lib/x86_64-linux-gnu/libreadline.so.8.1)
==3473515==    by 0x4895CF8: readline (in /usr/lib/x86_64-linux-gnu/libreadline.so.8.1)
==3473515==    by 0x4019E1: get_prompt_input (in /sgoinfre/students/dbarba-v/minishell/minishell)
==3473515==    by 0x4013F2: minishell_loop (in /sgoinfre/students/dbarba-v/minishell/minishell)
==3473515==    by 0x4013C6: main (in /sgoinfre/students/dbarba-v/minishell/minishell)
==3473515== 
==3473515== 1,024 bytes in 1 blocks are still reachable in loss record 33 of 69
==3473515==    at 0x4848899: malloc (in /usr/libexec/valgrind/vgpreload_memcheck-amd64-linux.so)
==3473515==    by 0x48AE4A7: xrealloc (in /usr/lib/x86_64-linux-gnu/libreadline.so.8.1)
==3473515==    by 0x4897CBB: ??? (in /usr/lib/x86_64-linux-gnu/libreadline.so.8.1)
==3473515==    by 0x4897D67: ??? (in /usr/lib/x86_64-linux-gnu/libreadline.so.8.1)
==3473515==    by 0x48A0C7E: rl_redisplay (in /usr/lib/x86_64-linux-gnu/libreadline.so.8.1)
==3473515==    by 0x488B458: readline_internal_setup (in /usr/lib/x86_64-linux-gnu/libreadline.so.8.1)
==3473515==    by 0x4895CF8: readline (in /usr/lib/x86_64-linux-gnu/libreadline.so.8.1)
==3473515==    by 0x4019E1: get_prompt_input (in /sgoinfre/students/dbarba-v/minishell/minishell)
==3473515==    by 0x4013F2: minishell_loop (in /sgoinfre/students/dbarba-v/minishell/minishell)
==3473515==    by 0x4013C6: main (in /sgoinfre/students/dbarba-v/minishell/minishell)
==3473515== 
==3473515== 1,024 bytes in 1 blocks are still reachable in loss record 34 of 69
==3473515==    at 0x4848899: malloc (in /usr/libexec/valgrind/vgpreload_memcheck-amd64-linux.so)
==3473515==    by 0x48ADBAC: xmalloc (in /usr/lib/x86_64-linux-gnu/libreadline.so.8.1)
==3473515==    by 0x4897DC5: ??? (in /usr/lib/x86_64-linux-gnu/libreadline.so.8.1)
==3473515==    by 0x48A0C7E: rl_redisplay (in /usr/lib/x86_64-linux-gnu/libreadline.so.8.1)
==3473515==    by 0x488B458: readline_internal_setup (in /usr/lib/x86_64-linux-gnu/libreadline.so.8.1)
==3473515==    by 0x4895CF8: readline (in /usr/lib/x86_64-linux-gnu/libreadline.so.8.1)
==3473515==    by 0x4019E1: get_prompt_input (in /sgoinfre/students/dbarba-v/minishell/minishell)
==3473515==    by 0x4013F2: minishell_loop (in /sgoinfre/students/dbarba-v/minishell/minishell)
==3473515==    by 0x4013C6: main (in /sgoinfre/students/dbarba-v/minishell/minishell)
==3473515== 
==3473515== 1,024 bytes in 1 blocks are still reachable in loss record 35 of 69
==3473515==    at 0x4848899: malloc (in /usr/libexec/valgrind/vgpreload_memcheck-amd64-linux.so)
==3473515==    by 0x48ADBAC: xmalloc (in /usr/lib/x86_64-linux-gnu/libreadline.so.8.1)
==3473515==    by 0x4897DDA: ??? (in /usr/lib/x86_64-linux-gnu/libreadline.so.8.1)
==3473515==    by 0x48A0C7E: rl_redisplay (in /usr/lib/x86_64-linux-gnu/libreadline.so.8.1)
==3473515==    by 0x488B458: readline_internal_setup (in /usr/lib/x86_64-linux-gnu/libreadline.so.8.1)
==3473515==    by 0x4895CF8: readline (in /usr/lib/x86_64-linux-gnu/libreadline.so.8.1)
==3473515==    by 0x4019E1: get_prompt_input (in /sgoinfre/students/dbarba-v/minishell/minishell)
==3473515==    by 0x4013F2: minishell_loop (in /sgoinfre/students/dbarba-v/minishell/minishell)
==3473515==    by 0x4013C6: main (in /sgoinfre/students/dbarba-v/minishell/minishell)
==3473515== 
==3473515== 1,024 bytes in 1 blocks are still reachable in loss record 36 of 69
==3473515==    at 0x4848899: malloc (in /usr/libexec/valgrind/vgpreload_memcheck-amd64-linux.so)
==3473515==    by 0x48ADBAC: xmalloc (in /usr/lib/x86_64-linux-gnu/libreadline.so.8.1)
==3473515==    by 0x4897DE8: ??? (in /usr/lib/x86_64-linux-gnu/libreadline.so.8.1)
==3473515==    by 0x48A0C7E: rl_redisplay (in /usr/lib/x86_64-linux-gnu/libreadline.so.8.1)
==3473515==    by 0x488B458: readline_internal_setup (in /usr/lib/x86_64-linux-gnu/libreadline.so.8.1)
==3473515==    by 0x4895CF8: readline (in /usr/lib/x86_64-linux-gnu/libreadline.so.8.1)
==3473515==    by 0x4019E1: get_prompt_input (in /sgoinfre/students/dbarba-v/minishell/minishell)
==3473515==    by 0x4013F2: minishell_loop (in /sgoinfre/students/dbarba-v/minishell/minishell)
==3473515==    by 0x4013C6: main (in /sgoinfre/students/dbarba-v/minishell/minishell)
==3473515== 
==3473515== 1,024 bytes in 1 blocks are still reachable in loss record 37 of 69
==3473515==    at 0x4848899: malloc (in /usr/libexec/valgrind/vgpreload_memcheck-amd64-linux.so)
==3473515==    by 0x48ADBAC: xmalloc (in /usr/lib/x86_64-linux-gnu/libreadline.so.8.1)
==3473515==    by 0x4897DF6: ??? (in /usr/lib/x86_64-linux-gnu/libreadline.so.8.1)
==3473515==    by 0x48A0C7E: rl_redisplay (in /usr/lib/x86_64-linux-gnu/libreadline.so.8.1)
==3473515==    by 0x488B458: readline_internal_setup (in /usr/lib/x86_64-linux-gnu/libreadline.so.8.1)
==3473515==    by 0x4895CF8: readline (in /usr/lib/x86_64-linux-gnu/libreadline.so.8.1)
==3473515==    by 0x4019E1: get_prompt_input (in /sgoinfre/students/dbarba-v/minishell/minishell)
==3473515==    by 0x4013F2: minishell_loop (in /sgoinfre/students/dbarba-v/minishell/minishell)
==3473515==    by 0x4013C6: main (in /sgoinfre/students/dbarba-v/minishell/minishell)
==3473515== 
==3473515== 1,536 bytes in 1 blocks are still reachable in loss record 38 of 69
==3473515==    at 0x484DCD3: realloc (in /usr/libexec/valgrind/vgpreload_memcheck-amd64-linux.so)
==3473515==    by 0x48AE491: xrealloc (in /usr/lib/x86_64-linux-gnu/libreadline.so.8.1)
==3473515==    by 0x488B877: rl_add_funmap_entry (in /usr/lib/x86_64-linux-gnu/libreadline.so.8.1)
==3473515==    by 0x488B8C8: rl_initialize_funmap (in /usr/lib/x86_64-linux-gnu/libreadline.so.8.1)
==3473515==    by 0x4895A2C: rl_initialize (in /usr/lib/x86_64-linux-gnu/libreadline.so.8.1)
==3473515==    by 0x4895CD4: readline (in /usr/lib/x86_64-linux-gnu/libreadline.so.8.1)
==3473515==    by 0x4019E1: get_prompt_input (in /sgoinfre/students/dbarba-v/minishell/minishell)
==3473515==    by 0x4013F2: minishell_loop (in /sgoinfre/students/dbarba-v/minishell/minishell)
==3473515==    by 0x4013C6: main (in /sgoinfre/students/dbarba-v/minishell/minishell)
==3473515== 
==3473515== 1,664 bytes in 1 blocks are still reachable in loss record 39 of 69
==3473515==    at 0x4848899: malloc (in /usr/libexec/valgrind/vgpreload_memcheck-amd64-linux.so)
==3473515==    by 0x4B0BACD: _nc_read_termtype (in /usr/lib/x86_64-linux-gnu/libtinfo.so.6.3)
==3473515==    by 0x4B0C52A: ??? (in /usr/lib/x86_64-linux-gnu/libtinfo.so.6.3)
==3473515==    by 0x4B0EC40: ??? (in /usr/lib/x86_64-linux-gnu/libtinfo.so.6.3)
==3473515==    by 0x4B0C6BB: _nc_read_entry2 (in /usr/lib/x86_64-linux-gnu/libtinfo.so.6.3)
==3473515==    by 0x4B0C711: ??? (in /usr/lib/x86_64-linux-gnu/libtinfo.so.6.3)
==3473515==    by 0x4B0C866: _nc_setupterm (in /usr/lib/x86_64-linux-gnu/libtinfo.so.6.3)
==3473515==    by 0x4B0D4C9: tgetent_sp (in /usr/lib/x86_64-linux-gnu/libtinfo.so.6.3)
==3473515==    by 0x48A91CD: _rl_init_terminal_io (in /usr/lib/x86_64-linux-gnu/libreadline.so.8.1)
==3473515==    by 0x4895A0F: rl_initialize (in /usr/lib/x86_64-linux-gnu/libreadline.so.8.1)
==3473515==    by 0x4895CD4: readline (in /usr/lib/x86_64-linux-gnu/libreadline.so.8.1)
==3473515==    by 0x4019E1: get_prompt_input (in /sgoinfre/students/dbarba-v/minishell/minishell)
==3473515== 
==3473515== 2,032 bytes in 1 blocks are still reachable in loss record 40 of 69
==3473515==    at 0x4848899: malloc (in /usr/libexec/valgrind/vgpreload_memcheck-amd64-linux.so)
==3473515==    by 0x48ADBAC: xmalloc (in /usr/lib/x86_64-linux-gnu/libreadline.so.8.1)
==3473515==    by 0x48A9419: _rl_init_terminal_io (in /usr/lib/x86_64-linux-gnu/libreadline.so.8.1)
==3473515==    by 0x4895A0F: rl_initialize (in /usr/lib/x86_64-linux-gnu/libreadline.so.8.1)
==3473515==    by 0x4895CD4: readline (in /usr/lib/x86_64-linux-gnu/libreadline.so.8.1)
==3473515==    by 0x4019E1: get_prompt_input (in /sgoinfre/students/dbarba-v/minishell/minishell)
==3473515==    by 0x4013F2: minishell_loop (in /sgoinfre/students/dbarba-v/minishell/minishell)
==3473515==    by 0x4013C6: main (in /sgoinfre/students/dbarba-v/minishell/minishell)
==3473515== 
==3473515== 2,240 bytes in 140 blocks are still reachable in loss record 41 of 69
==3473515==    at 0x4848899: malloc (in /usr/libexec/valgrind/vgpreload_memcheck-amd64-linux.so)
==3473515==    by 0x48ADBAC: xmalloc (in /usr/lib/x86_64-linux-gnu/libreadline.so.8.1)
==3473515==    by 0x488B822: rl_add_funmap_entry (in /usr/lib/x86_64-linux-gnu/libreadline.so.8.1)
==3473515==    by 0x488B8C8: rl_initialize_funmap (in /usr/lib/x86_64-linux-gnu/libreadline.so.8.1)
==3473515==    by 0x4895A2C: rl_initialize (in /usr/lib/x86_64-linux-gnu/libreadline.so.8.1)
==3473515==    by 0x4895CD4: readline (in /usr/lib/x86_64-linux-gnu/libreadline.so.8.1)
==3473515==    by 0x4019E1: get_prompt_input (in /sgoinfre/students/dbarba-v/minishell/minishell)
==3473515==    by 0x4013F2: minishell_loop (in /sgoinfre/students/dbarba-v/minishell/minishell)
==3473515==    by 0x4013C6: main (in /sgoinfre/students/dbarba-v/minishell/minishell)
==3473515== 
==3473515== 2,720 bytes in 69 blocks are still reachable in loss record 42 of 69
==3473515==    at 0x4848899: malloc (in /usr/libexec/valgrind/vgpreload_memcheck-amd64-linux.so)
==3473515==    by 0x40922C: ft_strdup (in /sgoinfre/students/dbarba-v/minishell/minishell)
==3473515==    by 0x4060ED: ft_strdup_arr (in /sgoinfre/students/dbarba-v/minishell/minishell)
==3473515==    by 0x406911: ft_pipex (in /sgoinfre/students/dbarba-v/minishell/minishell)
==3473515==    by 0x405391: execution (in /sgoinfre/students/dbarba-v/minishell/minishell)
==3473515==    by 0x40144C: minishell_loop (in /sgoinfre/students/dbarba-v/minishell/minishell)
==3473515==    by 0x4013C6: main (in /sgoinfre/students/dbarba-v/minishell/minishell)
==3473515== 
==3473515== 2,720 bytes in 69 blocks are indirectly lost in loss record 43 of 69
==3473515==    at 0x4848899: malloc (in /usr/libexec/valgrind/vgpreload_memcheck-amd64-linux.so)
==3473515==    by 0x40922C: ft_strdup (in /sgoinfre/students/dbarba-v/minishell/minishell)
==3473515==    by 0x4060ED: ft_strdup_arr (in /sgoinfre/students/dbarba-v/minishell/minishell)
==3473515==    by 0x406911: ft_pipex (in /sgoinfre/students/dbarba-v/minishell/minishell)
==3473515==    by 0x405391: execution (in /sgoinfre/students/dbarba-v/minishell/minishell)
==3473515==    by 0x40144C: minishell_loop (in /sgoinfre/students/dbarba-v/minishell/minishell)
==3473515==    by 0x4013C6: main (in /sgoinfre/students/dbarba-v/minishell/minishell)
==3473515== 
==3473515== 3,280 (560 direct, 2,720 indirect) bytes in 1 blocks are definitely lost in loss record 44 of 69
==3473515==    at 0x4848899: malloc (in /usr/libexec/valgrind/vgpreload_memcheck-amd64-linux.so)
==3473515==    by 0x4060AD: ft_strdup_arr (in /sgoinfre/students/dbarba-v/minishell/minishell)
==3473515==    by 0x406911: ft_pipex (in /sgoinfre/students/dbarba-v/minishell/minishell)
==3473515==    by 0x405391: execution (in /sgoinfre/students/dbarba-v/minishell/minishell)
==3473515==    by 0x40144C: minishell_loop (in /sgoinfre/students/dbarba-v/minishell/minishell)
==3473515==    by 0x4013C6: main (in /sgoinfre/students/dbarba-v/minishell/minishell)
==3473515== 
==3473515== 3,904 bytes in 1 blocks are still reachable in loss record 45 of 69
==3473515==    at 0x484DCD3: realloc (in /usr/libexec/valgrind/vgpreload_memcheck-amd64-linux.so)
==3473515==    by 0x4B016CC: _nc_doalloc (in /usr/lib/x86_64-linux-gnu/libtinfo.so.6.3)
==3473515==    by 0x4B0C1B5: _nc_read_termtype (in /usr/lib/x86_64-linux-gnu/libtinfo.so.6.3)
==3473515==    by 0x4B0C52A: ??? (in /usr/lib/x86_64-linux-gnu/libtinfo.so.6.3)
==3473515==    by 0x4B0EC40: ??? (in /usr/lib/x86_64-linux-gnu/libtinfo.so.6.3)
==3473515==    by 0x4B0C6BB: _nc_read_entry2 (in /usr/lib/x86_64-linux-gnu/libtinfo.so.6.3)
==3473515==    by 0x4B0C711: ??? (in /usr/lib/x86_64-linux-gnu/libtinfo.so.6.3)
==3473515==    by 0x4B0C866: _nc_setupterm (in /usr/lib/x86_64-linux-gnu/libtinfo.so.6.3)
==3473515==    by 0x4B0D4C9: tgetent_sp (in /usr/lib/x86_64-linux-gnu/libtinfo.so.6.3)
==3473515==    by 0x48A91CD: _rl_init_terminal_io (in /usr/lib/x86_64-linux-gnu/libreadline.so.8.1)
==3473515==    by 0x4895A0F: rl_initialize (in /usr/lib/x86_64-linux-gnu/libreadline.so.8.1)
==3473515==    by 0x4895CD4: readline (in /usr/lib/x86_64-linux-gnu/libreadline.so.8.1)
==3473515== 
==3473515== 3,904 bytes in 1 blocks are still reachable in loss record 46 of 69
==3473515==    at 0x4848899: malloc (in /usr/libexec/valgrind/vgpreload_memcheck-amd64-linux.so)
==3473515==    by 0x4B00FFF: ??? (in /usr/lib/x86_64-linux-gnu/libtinfo.so.6.3)
==3473515==    by 0x4B0C87D: _nc_setupterm (in /usr/lib/x86_64-linux-gnu/libtinfo.so.6.3)
==3473515==    by 0x4B0D4C9: tgetent_sp (in /usr/lib/x86_64-linux-gnu/libtinfo.so.6.3)
==3473515==    by 0x48A91CD: _rl_init_terminal_io (in /usr/lib/x86_64-linux-gnu/libreadline.so.8.1)
==3473515==    by 0x4895A0F: rl_initialize (in /usr/lib/x86_64-linux-gnu/libreadline.so.8.1)
==3473515==    by 0x4895CD4: readline (in /usr/lib/x86_64-linux-gnu/libreadline.so.8.1)
==3473515==    by 0x4019E1: get_prompt_input (in /sgoinfre/students/dbarba-v/minishell/minishell)
==3473515==    by 0x4013F2: minishell_loop (in /sgoinfre/students/dbarba-v/minishell/minishell)
==3473515==    by 0x4013C6: main (in /sgoinfre/students/dbarba-v/minishell/minishell)
==3473515== 
==3473515== 4,016 bytes in 1 blocks are still reachable in loss record 47 of 69
==3473515==    at 0x4848899: malloc (in /usr/libexec/valgrind/vgpreload_memcheck-amd64-linux.so)
==3473515==    by 0x48ADBAC: xmalloc (in /usr/lib/x86_64-linux-gnu/libreadline.so.8.1)
==3473515==    by 0x48A6FD6: add_history (in /usr/lib/x86_64-linux-gnu/libreadline.so.8.1)
==3473515==    by 0x4019F9: get_prompt_input (in /sgoinfre/students/dbarba-v/minishell/minishell)
==3473515==    by 0x4013F2: minishell_loop (in /sgoinfre/students/dbarba-v/minishell/minishell)
==3473515==    by 0x4013C6: main (in /sgoinfre/students/dbarba-v/minishell/minishell)
==3473515== 
==3473515== 4,080 bytes in 1 blocks are still reachable in loss record 48 of 69
==3473515==    at 0x4848899: malloc (in /usr/libexec/valgrind/vgpreload_memcheck-amd64-linux.so)
==3473515==    by 0x48ADBAC: xmalloc (in /usr/lib/x86_64-linux-gnu/libreadline.so.8.1)
==3473515==    by 0x48A93F9: _rl_init_terminal_io (in /usr/lib/x86_64-linux-gnu/libreadline.so.8.1)
==3473515==    by 0x4895A0F: rl_initialize (in /usr/lib/x86_64-linux-gnu/libreadline.so.8.1)
==3473515==    by 0x4895CD4: readline (in /usr/lib/x86_64-linux-gnu/libreadline.so.8.1)
==3473515==    by 0x4019E1: get_prompt_input (in /sgoinfre/students/dbarba-v/minishell/minishell)
==3473515==    by 0x4013F2: minishell_loop (in /sgoinfre/students/dbarba-v/minishell/minishell)
==3473515==    by 0x4013C6: main (in /sgoinfre/students/dbarba-v/minishell/minishell)
==3473515== 
==3473515== 4,112 bytes in 1 blocks are still reachable in loss record 49 of 69
==3473515==    at 0x4848899: malloc (in /usr/libexec/valgrind/vgpreload_memcheck-amd64-linux.so)
==3473515==    by 0x48ADBAC: xmalloc (in /usr/lib/x86_64-linux-gnu/libreadline.so.8.1)
==3473515==    by 0x488A251: rl_make_bare_keymap (in /usr/lib/x86_64-linux-gnu/libreadline.so.8.1)
==3473515==    by 0x488AB6A: rl_generic_bind (in /usr/lib/x86_64-linux-gnu/libreadline.so.8.1)
==3473515==    by 0x489575D: rl_bind_keyseq_if_unbound_in_map (in /usr/lib/x86_64-linux-gnu/libreadline.so.8.1)
==3473515==    by 0x48A8DD5: ??? (in /usr/lib/x86_64-linux-gnu/libreadline.so.8.1)
==3473515==    by 0x48A931F: _rl_init_terminal_io (in /usr/lib/x86_64-linux-gnu/libreadline.so.8.1)
==3473515==    by 0x4895A0F: rl_initialize (in /usr/lib/x86_64-linux-gnu/libreadline.so.8.1)
==3473515==    by 0x4895CD4: readline (in /usr/lib/x86_64-linux-gnu/libreadline.so.8.1)
==3473515==    by 0x4019E1: get_prompt_input (in /sgoinfre/students/dbarba-v/minishell/minishell)
==3473515==    by 0x4013F2: minishell_loop (in /sgoinfre/students/dbarba-v/minishell/minishell)
==3473515==    by 0x4013C6: main (in /sgoinfre/students/dbarba-v/minishell/minishell)
==3473515== 
==3473515== 4,112 bytes in 1 blocks are still reachable in loss record 50 of 69
==3473515==    at 0x4848899: malloc (in /usr/libexec/valgrind/vgpreload_memcheck-amd64-linux.so)
==3473515==    by 0x48ADBAC: xmalloc (in /usr/lib/x86_64-linux-gnu/libreadline.so.8.1)
==3473515==    by 0x488A251: rl_make_bare_keymap (in /usr/lib/x86_64-linux-gnu/libreadline.so.8.1)
==3473515==    by 0x488AB6A: rl_generic_bind (in /usr/lib/x86_64-linux-gnu/libreadline.so.8.1)
==3473515==    by 0x489575D: rl_bind_keyseq_if_unbound_in_map (in /usr/lib/x86_64-linux-gnu/libreadline.so.8.1)
==3473515==    by 0x48A8E5A: ??? (in /usr/lib/x86_64-linux-gnu/libreadline.so.8.1)
==3473515==    by 0x48A931F: _rl_init_terminal_io (in /usr/lib/x86_64-linux-gnu/libreadline.so.8.1)
==3473515==    by 0x4895A0F: rl_initialize (in /usr/lib/x86_64-linux-gnu/libreadline.so.8.1)
==3473515==    by 0x4895CD4: readline (in /usr/lib/x86_64-linux-gnu/libreadline.so.8.1)
==3473515==    by 0x4019E1: get_prompt_input (in /sgoinfre/students/dbarba-v/minishell/minishell)
==3473515==    by 0x4013F2: minishell_loop (in /sgoinfre/students/dbarba-v/minishell/minishell)
==3473515==    by 0x4013C6: main (in /sgoinfre/students/dbarba-v/minishell/minishell)
==3473515== 
==3473515== 4,112 bytes in 1 blocks are still reachable in loss record 51 of 69
==3473515==    at 0x4848899: malloc (in /usr/libexec/valgrind/vgpreload_memcheck-amd64-linux.so)
==3473515==    by 0x48ADBAC: xmalloc (in /usr/lib/x86_64-linux-gnu/libreadline.so.8.1)
==3473515==    by 0x488A251: rl_make_bare_keymap (in /usr/lib/x86_64-linux-gnu/libreadline.so.8.1)
==3473515==    by 0x488AB6A: rl_generic_bind (in /usr/lib/x86_64-linux-gnu/libreadline.so.8.1)
==3473515==    by 0x489575D: rl_bind_keyseq_if_unbound_in_map (in /usr/lib/x86_64-linux-gnu/libreadline.so.8.1)
==3473515==    by 0x48A8E5A: ??? (in /usr/lib/x86_64-linux-gnu/libreadline.so.8.1)
==3473515==    by 0x48A932B: _rl_init_terminal_io (in /usr/lib/x86_64-linux-gnu/libreadline.so.8.1)
==3473515==    by 0x4895A0F: rl_initialize (in /usr/lib/x86_64-linux-gnu/libreadline.so.8.1)
==3473515==    by 0x4895CD4: readline (in /usr/lib/x86_64-linux-gnu/libreadline.so.8.1)
==3473515==    by 0x4019E1: get_prompt_input (in /sgoinfre/students/dbarba-v/minishell/minishell)
==3473515==    by 0x4013F2: minishell_loop (in /sgoinfre/students/dbarba-v/minishell/minishell)
==3473515==    by 0x4013C6: main (in /sgoinfre/students/dbarba-v/minishell/minishell)
==3473515== 
==3473515== 4,112 bytes in 1 blocks are still reachable in loss record 52 of 69
==3473515==    at 0x4848899: malloc (in /usr/libexec/valgrind/vgpreload_memcheck-amd64-linux.so)
==3473515==    by 0x48ADBAC: xmalloc (in /usr/lib/x86_64-linux-gnu/libreadline.so.8.1)
==3473515==    by 0x488A251: rl_make_bare_keymap (in /usr/lib/x86_64-linux-gnu/libreadline.so.8.1)
==3473515==    by 0x488AB6A: rl_generic_bind (in /usr/lib/x86_64-linux-gnu/libreadline.so.8.1)
==3473515==    by 0x489575D: rl_bind_keyseq_if_unbound_in_map (in /usr/lib/x86_64-linux-gnu/libreadline.so.8.1)
==3473515==    by 0x48A8E5A: ??? (in /usr/lib/x86_64-linux-gnu/libreadline.so.8.1)
==3473515==    by 0x48A9337: _rl_init_terminal_io (in /usr/lib/x86_64-linux-gnu/libreadline.so.8.1)
==3473515==    by 0x4895A0F: rl_initialize (in /usr/lib/x86_64-linux-gnu/libreadline.so.8.1)
==3473515==    by 0x4895CD4: readline (in /usr/lib/x86_64-linux-gnu/libreadline.so.8.1)
==3473515==    by 0x4019E1: get_prompt_input (in /sgoinfre/students/dbarba-v/minishell/minishell)
==3473515==    by 0x4013F2: minishell_loop (in /sgoinfre/students/dbarba-v/minishell/minishell)
==3473515==    by 0x4013C6: main (in /sgoinfre/students/dbarba-v/minishell/minishell)
==3473515== 
==3473515== 4,112 bytes in 1 blocks are still reachable in loss record 53 of 69
==3473515==    at 0x4848899: malloc (in /usr/libexec/valgrind/vgpreload_memcheck-amd64-linux.so)
==3473515==    by 0x48ADBAC: xmalloc (in /usr/lib/x86_64-linux-gnu/libreadline.so.8.1)
==3473515==    by 0x488A251: rl_make_bare_keymap (in /usr/lib/x86_64-linux-gnu/libreadline.so.8.1)
==3473515==    by 0x488AB6A: rl_generic_bind (in /usr/lib/x86_64-linux-gnu/libreadline.so.8.1)
==3473515==    by 0x489575D: rl_bind_keyseq_if_unbound_in_map (in /usr/lib/x86_64-linux-gnu/libreadline.so.8.1)
==3473515==    by 0x489594C: ??? (in /usr/lib/x86_64-linux-gnu/libreadline.so.8.1)
==3473515==    by 0x4895A84: rl_initialize (in /usr/lib/x86_64-linux-gnu/libreadline.so.8.1)
==3473515==    by 0x4895CD4: readline (in /usr/lib/x86_64-linux-gnu/libreadline.so.8.1)
==3473515==    by 0x4019E1: get_prompt_input (in /sgoinfre/students/dbarba-v/minishell/minishell)
==3473515==    by 0x4013F2: minishell_loop (in /sgoinfre/students/dbarba-v/minishell/minishell)
==3473515==    by 0x4013C6: main (in /sgoinfre/students/dbarba-v/minishell/minishell)
==3473515== 
==3473515== 4,112 bytes in 1 blocks are still reachable in loss record 54 of 69
==3473515==    at 0x4848899: malloc (in /usr/libexec/valgrind/vgpreload_memcheck-amd64-linux.so)
==3473515==    by 0x48ADBAC: xmalloc (in /usr/lib/x86_64-linux-gnu/libreadline.so.8.1)
==3473515==    by 0x488A251: rl_make_bare_keymap (in /usr/lib/x86_64-linux-gnu/libreadline.so.8.1)
==3473515==    by 0x488AB6A: rl_generic_bind (in /usr/lib/x86_64-linux-gnu/libreadline.so.8.1)
==3473515==    by 0x489575D: rl_bind_keyseq_if_unbound_in_map (in /usr/lib/x86_64-linux-gnu/libreadline.so.8.1)
==3473515==    by 0x489594C: ??? (in /usr/lib/x86_64-linux-gnu/libreadline.so.8.1)
==3473515==    by 0x4895A93: rl_initialize (in /usr/lib/x86_64-linux-gnu/libreadline.so.8.1)
==3473515==    by 0x4895CD4: readline (in /usr/lib/x86_64-linux-gnu/libreadline.so.8.1)
==3473515==    by 0x4019E1: get_prompt_input (in /sgoinfre/students/dbarba-v/minishell/minishell)
==3473515==    by 0x4013F2: minishell_loop (in /sgoinfre/students/dbarba-v/minishell/minishell)
==3473515==    by 0x4013C6: main (in /sgoinfre/students/dbarba-v/minishell/minishell)
==3473515== 
==3473515== 4,112 bytes in 1 blocks are still reachable in loss record 55 of 69
==3473515==    at 0x4848899: malloc (in /usr/libexec/valgrind/vgpreload_memcheck-amd64-linux.so)
==3473515==    by 0x48ADBAC: xmalloc (in /usr/lib/x86_64-linux-gnu/libreadline.so.8.1)
==3473515==    by 0x488A251: rl_make_bare_keymap (in /usr/lib/x86_64-linux-gnu/libreadline.so.8.1)
==3473515==    by 0x488AB6A: rl_generic_bind (in /usr/lib/x86_64-linux-gnu/libreadline.so.8.1)
==3473515==    by 0x489575D: rl_bind_keyseq_if_unbound_in_map (in /usr/lib/x86_64-linux-gnu/libreadline.so.8.1)
==3473515==    by 0x489594C: ??? (in /usr/lib/x86_64-linux-gnu/libreadline.so.8.1)
==3473515==    by 0x4895AB8: rl_initialize (in /usr/lib/x86_64-linux-gnu/libreadline.so.8.1)
==3473515==    by 0x4895CD4: readline (in /usr/lib/x86_64-linux-gnu/libreadline.so.8.1)
==3473515==    by 0x4019E1: get_prompt_input (in /sgoinfre/students/dbarba-v/minishell/minishell)
==3473515==    by 0x4013F2: minishell_loop (in /sgoinfre/students/dbarba-v/minishell/minishell)
==3473515==    by 0x4013C6: main (in /sgoinfre/students/dbarba-v/minishell/minishell)
==3473515== 
==3473515== 7,952 bytes in 1 blocks are still reachable in loss record 56 of 69
==3473515==    at 0x484DA83: calloc (in /usr/libexec/valgrind/vgpreload_memcheck-amd64-linux.so)
==3473515==    by 0x4AFFC97: ??? (in /usr/lib/x86_64-linux-gnu/libtinfo.so.6.3)
==3473515==    by 0x4B013AF: _nc_find_type_entry (in /usr/lib/x86_64-linux-gnu/libtinfo.so.6.3)
==3473515==    by 0x4B03E4C: tgetstr_sp (in /usr/lib/x86_64-linux-gnu/libtinfo.so.6.3)
==3473515==    by 0x48A921A: _rl_init_terminal_io (in /usr/lib/x86_64-linux-gnu/libreadline.so.8.1)
==3473515==    by 0x4895A0F: rl_initialize (in /usr/lib/x86_64-linux-gnu/libreadline.so.8.1)
==3473515==    by 0x4895CD4: readline (in /usr/lib/x86_64-linux-gnu/libreadline.so.8.1)
==3473515==    by 0x4019E1: get_prompt_input (in /sgoinfre/students/dbarba-v/minishell/minishell)
==3473515==    by 0x4013F2: minishell_loop (in /sgoinfre/students/dbarba-v/minishell/minishell)
==3473515==    by 0x4013C6: main (in /sgoinfre/students/dbarba-v/minishell/minishell)
==3473515== 
==3473515== 8,224 bytes in 2 blocks are still reachable in loss record 57 of 69
==3473515==    at 0x4848899: malloc (in /usr/libexec/valgrind/vgpreload_memcheck-amd64-linux.so)
==3473515==    by 0x48ADBAC: xmalloc (in /usr/lib/x86_64-linux-gnu/libreadline.so.8.1)
==3473515==    by 0x488A251: rl_make_bare_keymap (in /usr/lib/x86_64-linux-gnu/libreadline.so.8.1)
==3473515==    by 0x488AB6A: rl_generic_bind (in /usr/lib/x86_64-linux-gnu/libreadline.so.8.1)
==3473515==    by 0x489575D: rl_bind_keyseq_if_unbound_in_map (in /usr/lib/x86_64-linux-gnu/libreadline.so.8.1)
==3473515==    by 0x48A8E47: ??? (in /usr/lib/x86_64-linux-gnu/libreadline.so.8.1)
==3473515==    by 0x48A931F: _rl_init_terminal_io (in /usr/lib/x86_64-linux-gnu/libreadline.so.8.1)
==3473515==    by 0x4895A0F: rl_initialize (in /usr/lib/x86_64-linux-gnu/libreadline.so.8.1)
==3473515==    by 0x4895CD4: readline (in /usr/lib/x86_64-linux-gnu/libreadline.so.8.1)
==3473515==    by 0x4019E1: get_prompt_input (in /sgoinfre/students/dbarba-v/minishell/minishell)
==3473515==    by 0x4013F2: minishell_loop (in /sgoinfre/students/dbarba-v/minishell/minishell)
==3473515==    by 0x4013C6: main (in /sgoinfre/students/dbarba-v/minishell/minishell)
==3473515== 
==3473515== 8,224 bytes in 2 blocks are still reachable in loss record 58 of 69
==3473515==    at 0x4848899: malloc (in /usr/libexec/valgrind/vgpreload_memcheck-amd64-linux.so)
==3473515==    by 0x48ADBAC: xmalloc (in /usr/lib/x86_64-linux-gnu/libreadline.so.8.1)
==3473515==    by 0x488A251: rl_make_bare_keymap (in /usr/lib/x86_64-linux-gnu/libreadline.so.8.1)
==3473515==    by 0x488AB6A: rl_generic_bind (in /usr/lib/x86_64-linux-gnu/libreadline.so.8.1)
==3473515==    by 0x489575D: rl_bind_keyseq_if_unbound_in_map (in /usr/lib/x86_64-linux-gnu/libreadline.so.8.1)
==3473515==    by 0x48A8DD5: ??? (in /usr/lib/x86_64-linux-gnu/libreadline.so.8.1)
==3473515==    by 0x48A932B: _rl_init_terminal_io (in /usr/lib/x86_64-linux-gnu/libreadline.so.8.1)
==3473515==    by 0x4895A0F: rl_initialize (in /usr/lib/x86_64-linux-gnu/libreadline.so.8.1)
==3473515==    by 0x4895CD4: readline (in /usr/lib/x86_64-linux-gnu/libreadline.so.8.1)
==3473515==    by 0x4019E1: get_prompt_input (in /sgoinfre/students/dbarba-v/minishell/minishell)
==3473515==    by 0x4013F2: minishell_loop (in /sgoinfre/students/dbarba-v/minishell/minishell)
==3473515==    by 0x4013C6: main (in /sgoinfre/students/dbarba-v/minishell/minishell)
==3473515== 
==3473515== 8,224 bytes in 2 blocks are still reachable in loss record 59 of 69
==3473515==    at 0x4848899: malloc (in /usr/libexec/valgrind/vgpreload_memcheck-amd64-linux.so)
==3473515==    by 0x48ADBAC: xmalloc (in /usr/lib/x86_64-linux-gnu/libreadline.so.8.1)
==3473515==    by 0x488A251: rl_make_bare_keymap (in /usr/lib/x86_64-linux-gnu/libreadline.so.8.1)
==3473515==    by 0x488AB6A: rl_generic_bind (in /usr/lib/x86_64-linux-gnu/libreadline.so.8.1)
==3473515==    by 0x489575D: rl_bind_keyseq_if_unbound_in_map (in /usr/lib/x86_64-linux-gnu/libreadline.so.8.1)
==3473515==    by 0x48A8E47: ??? (in /usr/lib/x86_64-linux-gnu/libreadline.so.8.1)
==3473515==    by 0x48A932B: _rl_init_terminal_io (in /usr/lib/x86_64-linux-gnu/libreadline.so.8.1)
==3473515==    by 0x4895A0F: rl_initialize (in /usr/lib/x86_64-linux-gnu/libreadline.so.8.1)
==3473515==    by 0x4895CD4: readline (in /usr/lib/x86_64-linux-gnu/libreadline.so.8.1)
==3473515==    by 0x4019E1: get_prompt_input (in /sgoinfre/students/dbarba-v/minishell/minishell)
==3473515==    by 0x4013F2: minishell_loop (in /sgoinfre/students/dbarba-v/minishell/minishell)
==3473515==    by 0x4013C6: main (in /sgoinfre/students/dbarba-v/minishell/minishell)
==3473515== 
==3473515== 8,224 bytes in 2 blocks are still reachable in loss record 60 of 69
==3473515==    at 0x4848899: malloc (in /usr/libexec/valgrind/vgpreload_memcheck-amd64-linux.so)
==3473515==    by 0x48ADBAC: xmalloc (in /usr/lib/x86_64-linux-gnu/libreadline.so.8.1)
==3473515==    by 0x488A251: rl_make_bare_keymap (in /usr/lib/x86_64-linux-gnu/libreadline.so.8.1)
==3473515==    by 0x488AB6A: rl_generic_bind (in /usr/lib/x86_64-linux-gnu/libreadline.so.8.1)
==3473515==    by 0x489575D: rl_bind_keyseq_if_unbound_in_map (in /usr/lib/x86_64-linux-gnu/libreadline.so.8.1)
==3473515==    by 0x48A8DD5: ??? (in /usr/lib/x86_64-linux-gnu/libreadline.so.8.1)
==3473515==    by 0x48A9337: _rl_init_terminal_io (in /usr/lib/x86_64-linux-gnu/libreadline.so.8.1)
==3473515==    by 0x4895A0F: rl_initialize (in /usr/lib/x86_64-linux-gnu/libreadline.so.8.1)
==3473515==    by 0x4895CD4: readline (in /usr/lib/x86_64-linux-gnu/libreadline.so.8.1)
==3473515==    by 0x4019E1: get_prompt_input (in /sgoinfre/students/dbarba-v/minishell/minishell)
==3473515==    by 0x4013F2: minishell_loop (in /sgoinfre/students/dbarba-v/minishell/minishell)
==3473515==    by 0x4013C6: main (in /sgoinfre/students/dbarba-v/minishell/minishell)
==3473515== 
==3473515== 8,224 bytes in 2 blocks are still reachable in loss record 61 of 69
==3473515==    at 0x4848899: malloc (in /usr/libexec/valgrind/vgpreload_memcheck-amd64-linux.so)
==3473515==    by 0x48ADBAC: xmalloc (in /usr/lib/x86_64-linux-gnu/libreadline.so.8.1)
==3473515==    by 0x488A251: rl_make_bare_keymap (in /usr/lib/x86_64-linux-gnu/libreadline.so.8.1)
==3473515==    by 0x488AB6A: rl_generic_bind (in /usr/lib/x86_64-linux-gnu/libreadline.so.8.1)
==3473515==    by 0x489575D: rl_bind_keyseq_if_unbound_in_map (in /usr/lib/x86_64-linux-gnu/libreadline.so.8.1)
==3473515==    by 0x48A8E47: ??? (in /usr/lib/x86_64-linux-gnu/libreadline.so.8.1)
==3473515==    by 0x48A9337: _rl_init_terminal_io (in /usr/lib/x86_64-linux-gnu/libreadline.so.8.1)
==3473515==    by 0x4895A0F: rl_initialize (in /usr/lib/x86_64-linux-gnu/libreadline.so.8.1)
==3473515==    by 0x4895CD4: readline (in /usr/lib/x86_64-linux-gnu/libreadline.so.8.1)
==3473515==    by 0x4019E1: get_prompt_input (in /sgoinfre/students/dbarba-v/minishell/minishell)
==3473515==    by 0x4013F2: minishell_loop (in /sgoinfre/students/dbarba-v/minishell/minishell)
==3473515==    by 0x4013C6: main (in /sgoinfre/students/dbarba-v/minishell/minishell)
==3473515== 
==3473515== 8,224 bytes in 2 blocks are still reachable in loss record 62 of 69
==3473515==    at 0x4848899: malloc (in /usr/libexec/valgrind/vgpreload_memcheck-amd64-linux.so)
==3473515==    by 0x48ADBAC: xmalloc (in /usr/lib/x86_64-linux-gnu/libreadline.so.8.1)
==3473515==    by 0x488A251: rl_make_bare_keymap (in /usr/lib/x86_64-linux-gnu/libreadline.so.8.1)
==3473515==    by 0x488AB6A: rl_generic_bind (in /usr/lib/x86_64-linux-gnu/libreadline.so.8.1)
==3473515==    by 0x489575D: rl_bind_keyseq_if_unbound_in_map (in /usr/lib/x86_64-linux-gnu/libreadline.so.8.1)
==3473515==    by 0x489593D: ??? (in /usr/lib/x86_64-linux-gnu/libreadline.so.8.1)
==3473515==    by 0x4895A84: rl_initialize (in /usr/lib/x86_64-linux-gnu/libreadline.so.8.1)
==3473515==    by 0x4895CD4: readline (in /usr/lib/x86_64-linux-gnu/libreadline.so.8.1)
==3473515==    by 0x4019E1: get_prompt_input (in /sgoinfre/students/dbarba-v/minishell/minishell)
==3473515==    by 0x4013F2: minishell_loop (in /sgoinfre/students/dbarba-v/minishell/minishell)
==3473515==    by 0x4013C6: main (in /sgoinfre/students/dbarba-v/minishell/minishell)
==3473515== 
==3473515== 8,224 bytes in 2 blocks are still reachable in loss record 63 of 69
==3473515==    at 0x4848899: malloc (in /usr/libexec/valgrind/vgpreload_memcheck-amd64-linux.so)
==3473515==    by 0x48ADBAC: xmalloc (in /usr/lib/x86_64-linux-gnu/libreadline.so.8.1)
==3473515==    by 0x488A251: rl_make_bare_keymap (in /usr/lib/x86_64-linux-gnu/libreadline.so.8.1)
==3473515==    by 0x488AB6A: rl_generic_bind (in /usr/lib/x86_64-linux-gnu/libreadline.so.8.1)
==3473515==    by 0x489575D: rl_bind_keyseq_if_unbound_in_map (in /usr/lib/x86_64-linux-gnu/libreadline.so.8.1)
==3473515==    by 0x489593D: ??? (in /usr/lib/x86_64-linux-gnu/libreadline.so.8.1)
==3473515==    by 0x4895A93: rl_initialize (in /usr/lib/x86_64-linux-gnu/libreadline.so.8.1)
==3473515==    by 0x4895CD4: readline (in /usr/lib/x86_64-linux-gnu/libreadline.so.8.1)
==3473515==    by 0x4019E1: get_prompt_input (in /sgoinfre/students/dbarba-v/minishell/minishell)
==3473515==    by 0x4013F2: minishell_loop (in /sgoinfre/students/dbarba-v/minishell/minishell)
==3473515==    by 0x4013C6: main (in /sgoinfre/students/dbarba-v/minishell/minishell)
==3473515== 
==3473515== 8,224 bytes in 2 blocks are still reachable in loss record 64 of 69
==3473515==    at 0x4848899: malloc (in /usr/libexec/valgrind/vgpreload_memcheck-amd64-linux.so)
==3473515==    by 0x48ADBAC: xmalloc (in /usr/lib/x86_64-linux-gnu/libreadline.so.8.1)
==3473515==    by 0x488A251: rl_make_bare_keymap (in /usr/lib/x86_64-linux-gnu/libreadline.so.8.1)
==3473515==    by 0x488AB6A: rl_generic_bind (in /usr/lib/x86_64-linux-gnu/libreadline.so.8.1)
==3473515==    by 0x489575D: rl_bind_keyseq_if_unbound_in_map (in /usr/lib/x86_64-linux-gnu/libreadline.so.8.1)
==3473515==    by 0x489593D: ??? (in /usr/lib/x86_64-linux-gnu/libreadline.so.8.1)
==3473515==    by 0x4895AB8: rl_initialize (in /usr/lib/x86_64-linux-gnu/libreadline.so.8.1)
==3473515==    by 0x4895CD4: readline (in /usr/lib/x86_64-linux-gnu/libreadline.so.8.1)
==3473515==    by 0x4019E1: get_prompt_input (in /sgoinfre/students/dbarba-v/minishell/minishell)
==3473515==    by 0x4013F2: minishell_loop (in /sgoinfre/students/dbarba-v/minishell/minishell)
==3473515==    by 0x4013C6: main (in /sgoinfre/students/dbarba-v/minishell/minishell)
==3473515== 
==3473515== 8,224 bytes in 2 blocks are still reachable in loss record 65 of 69
==3473515==    at 0x4848899: malloc (in /usr/libexec/valgrind/vgpreload_memcheck-amd64-linux.so)
==3473515==    by 0x48ADBAC: xmalloc (in /usr/lib/x86_64-linux-gnu/libreadline.so.8.1)
==3473515==    by 0x488A251: rl_make_bare_keymap (in /usr/lib/x86_64-linux-gnu/libreadline.so.8.1)
==3473515==    by 0x488AB6A: rl_generic_bind (in /usr/lib/x86_64-linux-gnu/libreadline.so.8.1)
==3473515==    by 0x489575D: rl_bind_keyseq_if_unbound_in_map (in /usr/lib/x86_64-linux-gnu/libreadline.so.8.1)
==3473515==    by 0x4895AD2: rl_initialize (in /usr/lib/x86_64-linux-gnu/libreadline.so.8.1)
==3473515==    by 0x4895CD4: readline (in /usr/lib/x86_64-linux-gnu/libreadline.so.8.1)
==3473515==    by 0x4019E1: get_prompt_input (in /sgoinfre/students/dbarba-v/minishell/minishell)
==3473515==    by 0x4013F2: minishell_loop (in /sgoinfre/students/dbarba-v/minishell/minishell)
==3473515==    by 0x4013C6: main (in /sgoinfre/students/dbarba-v/minishell/minishell)
==3473515== 
==3473515== 8,224 bytes in 2 blocks are still reachable in loss record 66 of 69
==3473515==    at 0x4848899: malloc (in /usr/libexec/valgrind/vgpreload_memcheck-amd64-linux.so)
==3473515==    by 0x48ADBAC: xmalloc (in /usr/lib/x86_64-linux-gnu/libreadline.so.8.1)
==3473515==    by 0x488A251: rl_make_bare_keymap (in /usr/lib/x86_64-linux-gnu/libreadline.so.8.1)
==3473515==    by 0x488AB6A: rl_generic_bind (in /usr/lib/x86_64-linux-gnu/libreadline.so.8.1)
==3473515==    by 0x489575D: rl_bind_keyseq_if_unbound_in_map (in /usr/lib/x86_64-linux-gnu/libreadline.so.8.1)
==3473515==    by 0x4895AE1: rl_initialize (in /usr/lib/x86_64-linux-gnu/libreadline.so.8.1)
==3473515==    by 0x4895CD4: readline (in /usr/lib/x86_64-linux-gnu/libreadline.so.8.1)
==3473515==    by 0x4019E1: get_prompt_input (in /sgoinfre/students/dbarba-v/minishell/minishell)
==3473515==    by 0x4013F2: minishell_loop (in /sgoinfre/students/dbarba-v/minishell/minishell)
==3473515==    by 0x4013C6: main (in /sgoinfre/students/dbarba-v/minishell/minishell)
==3473515== 
==3473515== 12,336 bytes in 3 blocks are still reachable in loss record 67 of 69
==3473515==    at 0x4848899: malloc (in /usr/libexec/valgrind/vgpreload_memcheck-amd64-linux.so)
==3473515==    by 0x48ADBAC: xmalloc (in /usr/lib/x86_64-linux-gnu/libreadline.so.8.1)
==3473515==    by 0x488A251: rl_make_bare_keymap (in /usr/lib/x86_64-linux-gnu/libreadline.so.8.1)
==3473515==    by 0x488AB6A: rl_generic_bind (in /usr/lib/x86_64-linux-gnu/libreadline.so.8.1)
==3473515==    by 0x489575D: rl_bind_keyseq_if_unbound_in_map (in /usr/lib/x86_64-linux-gnu/libreadline.so.8.1)
==3473515==    by 0x4895914: ??? (in /usr/lib/x86_64-linux-gnu/libreadline.so.8.1)
==3473515==    by 0x4895A93: rl_initialize (in /usr/lib/x86_64-linux-gnu/libreadline.so.8.1)
==3473515==    by 0x4895CD4: readline (in /usr/lib/x86_64-linux-gnu/libreadline.so.8.1)
==3473515==    by 0x4019E1: get_prompt_input (in /sgoinfre/students/dbarba-v/minishell/minishell)
==3473515==    by 0x4013F2: minishell_loop (in /sgoinfre/students/dbarba-v/minishell/minishell)
==3473515==    by 0x4013C6: main (in /sgoinfre/students/dbarba-v/minishell/minishell)
==3473515== 
==3473515== 12,336 bytes in 3 blocks are still reachable in loss record 68 of 69
==3473515==    at 0x4848899: malloc (in /usr/libexec/valgrind/vgpreload_memcheck-amd64-linux.so)
==3473515==    by 0x48ADBAC: xmalloc (in /usr/lib/x86_64-linux-gnu/libreadline.so.8.1)
==3473515==    by 0x488A251: rl_make_bare_keymap (in /usr/lib/x86_64-linux-gnu/libreadline.so.8.1)
==3473515==    by 0x488AB6A: rl_generic_bind (in /usr/lib/x86_64-linux-gnu/libreadline.so.8.1)
==3473515==    by 0x489575D: rl_bind_keyseq_if_unbound_in_map (in /usr/lib/x86_64-linux-gnu/libreadline.so.8.1)
==3473515==    by 0x4895914: ??? (in /usr/lib/x86_64-linux-gnu/libreadline.so.8.1)
==3473515==    by 0x4895AB8: rl_initialize (in /usr/lib/x86_64-linux-gnu/libreadline.so.8.1)
==3473515==    by 0x4895CD4: readline (in /usr/lib/x86_64-linux-gnu/libreadline.so.8.1)
==3473515==    by 0x4019E1: get_prompt_input (in /sgoinfre/students/dbarba-v/minishell/minishell)
==3473515==    by 0x4013F2: minishell_loop (in /sgoinfre/students/dbarba-v/minishell/minishell)
==3473515==    by 0x4013C6: main (in /sgoinfre/students/dbarba-v/minishell/minishell)
==3473515== 
==3473515== 28,784 bytes in 7 blocks are still reachable in loss record 69 of 69
==3473515==    at 0x4848899: malloc (in /usr/libexec/valgrind/vgpreload_memcheck-amd64-linux.so)
==3473515==    by 0x48ADBAC: xmalloc (in /usr/lib/x86_64-linux-gnu/libreadline.so.8.1)
==3473515==    by 0x488A251: rl_make_bare_keymap (in /usr/lib/x86_64-linux-gnu/libreadline.so.8.1)
==3473515==    by 0x488AB6A: rl_generic_bind (in /usr/lib/x86_64-linux-gnu/libreadline.so.8.1)
==3473515==    by 0x489B99E: rl_parse_and_bind (in /usr/lib/x86_64-linux-gnu/libreadline.so.8.1)
==3473515==    by 0x489BB6C: ??? (in /usr/lib/x86_64-linux-gnu/libreadline.so.8.1)
==3473515==    by 0x4895A38: rl_initialize (in /usr/lib/x86_64-linux-gnu/libreadline.so.8.1)
==3473515==    by 0x4895CD4: readline (in /usr/lib/x86_64-linux-gnu/libreadline.so.8.1)
==3473515==    by 0x4019E1: get_prompt_input (in /sgoinfre/students/dbarba-v/minishell/minishell)
==3473515==    by 0x4013F2: minishell_loop (in /sgoinfre/students/dbarba-v/minishell/minishell)
==3473515==    by 0x4013C6: main (in /sgoinfre/students/dbarba-v/minishell/minishell)
==3473515== 
